{
"type": "FeatureCollection",
"name": "kano_lgas_stress_2024",
"crs": { "type": "name", "properties": { "name": "urn:ogc:def:crs:OGC:1.3:CRS84" } },
"features": [
{"type":"Feature","properties":{"fid":1,"GID_2":"NGA.20.1_1","GID_0":"NGA","COUNTRY":"Nigeria","GID_1":"NGA.20_1","NAME_1":"Kano","NL_NAME_1":"NA","NAME_2":"Ajingi","VARNAME_2":"NA","NL_NAME_2":"NA","TYPE_2":"Local Authority","ENGTYPE_2":"Local Authority","CC_2":"NA","HASC_2":"NA"},"geometry":{"type":"MultiPolygon","coordinates":[[[[9.205112457000098,11.950760841999966],[9.206912994000106,11.944931031000181],[9.210099221000064,11.905941963999965],[9.192964553000024,11.876518250000117],[9.192190169000071,11.868643761000044],[9.191849708000063,11.868616105000115],[9.186106682000059,11.868310928000142],[9.180085182000084,11.867549897000174],[9.162077903000068,11.866621972000019],[9.1555624,11.866529465000099],[9.140922547000116,11.86519527500019],[9.130793572000016,11.865052223000077],[9.12063407900007,11.864903451000032],[9.109980582000162,11.864974022000126],[9.102540016000034,11.866671562000022],[9.09733676899998,11.866597176000084],[9.094120979000024,11.86587238400017],[9.084222793000094,11.864598274000116],[9.078294755000059,11.862253189000114],[9.069897651000019,11.858514787000104],[9.059535026000162,11.852717400000131],[9.054604530000063,11.848806381999964],[9.050922394000054,11.843557358000169],[9.046480179000127,11.841007234000017],[9.042764665000163,11.841405870000131],[9.032611847000169,11.841934205000086],[9.024186134000161,11.843167305000122],[9.011561392999965,11.841863632000184],[9.003881455000112,11.842435838000085],[8.999172210000097,11.84327221],[8.987999916000149,11.847860337000157],[8.985028267000189,11.847819328000014],[8.982552528000099,11.84755897600013],[8.97438430800014,11.846994399999971],[8.973052978000112,11.848142623000058],[8.959181786000102,11.860110284000029],[8.955595017000064,11.868206024000187],[8.945590019000065,11.878502846],[8.945601464000049,11.881133079000108],[8.945334434000131,11.881484033000049],[8.940564156000164,11.886285783000119],[8.933965684000043,11.890609741000162],[8.928273200000149,11.892630578000137],[8.922576905000028,11.894420624000077],[8.915965080000149,11.89481926000019],[8.912993431000018,11.892480851000073],[8.909561158000031,11.889675140000179],[8.90567493400016,11.886404991000063],[8.900107385000183,11.882735252000089],[8.899272918000179,11.882185936000099],[8.895392419000189,11.881221771000185],[8.89272499100008,11.881890297000098],[8.889884948000031,11.883710862000157],[8.887157441000056,11.887613298000133],[8.884353637000061,11.894054412000173],[8.878056527000183,11.901850700000068],[8.876005173000124,11.906680106000124],[8.870795248999968,11.911252023000145],[8.868374825000103,11.913075448000086],[8.863652229000138,11.910952569000074],[8.86019897500006,11.909074783000108],[8.855658532000177,11.906491280000125],[8.851045608000049,11.902521134000096],[8.847011567000152,11.897631645000104],[8.841548919000047,11.893424988000106],[8.835618973000066,11.888286592000043],[8.832780838000133,11.886183738000113],[8.831484794,11.883532524000145],[8.831842423000012,11.888253213000041],[8.832204818000093,11.903039933000116],[8.833803177999982,11.913449288000152],[8.833082199000103,11.923604965000095],[8.832929611999987,11.932612419],[8.83362483999997,11.945782661000123],[8.834669113000132,11.957574844000135],[8.835458756000037,11.960778236000181],[8.831322669000031,11.961701394000158],[8.829743385000086,11.962277412000049],[8.835538864000057,11.961106301000029],[8.836269379000044,11.96405697],[8.838747977000139,11.967311860000052],[8.843198776000065,11.97220516200008],[8.847343445000035,11.975246429000094],[8.853694915000119,11.980386735000138],[8.859703064000144,11.982986450000055],[8.864562034000187,11.983721734000142],[8.872841835000031,11.985648156000025],[8.87748909000004,11.994237899000098],[8.880940437000049,12.000044824000156],[8.883702279000147,12.004690171],[8.886427879000053,12.008642197000142],[8.88964557700001,12.01005745000009],[8.892874718000144,12.015631676000169],[8.896624564000035,12.019129753000129],[8.900680542000089,12.024481774000037],[8.904072761,12.025206565000076],[8.911955832999979,12.027589799000054],[8.915844917000072,12.02577590900006],[8.917717933000176,12.029491424000128],[8.919418335000159,12.033894540000119],[8.923883439000122,12.035091401000102],[8.930075644000055,12.037226676000103],[8.934950828000012,12.038198471000157],[8.946351052000068,12.042288780999968],[8.958287239000072,12.051349640000183],[8.962469102000171,12.055084228000055],[8.965491294000117,12.05672931700002],[8.966219903000081,12.057755470000131],[8.97409915999998,12.05844307000018],[8.977162361000069,12.059354783],[8.977160453000067,12.061264992000076],[8.992435456000123,12.060699463000049],[9.02787113200003,12.065278052999986],[9.037039757000059,12.042366027000185],[9.037244796000095,12.001476288000106],[9.059395789000121,11.997504235000179],[9.088804245000119,12.000413896000111],[9.126162530000045,12.022868156000129],[9.149911881000151,12.050771713000017],[9.170082093000133,12.059247970000172],[9.181575775000056,12.027072908000036],[9.205112457000098,11.950760841999966]]]]}},
{"type":"Feature","properties":{"fid":2,"GID_2":"NGA.20.2_1","GID_0":"NGA","COUNTRY":"Nigeria","GID_1":"NGA.20_1","NAME_1":"Kano","NL_NAME_1":"NA","NAME_2":"Albasu","VARNAME_2":"NA","NL_NAME_2":"NA","TYPE_2":"Local Authority","ENGTYPE_2":"Local Authority","CC_2":"NA","HASC_2":"NA"},"geometry":{"type":"MultiPolygon","coordinates":[[[[9.169768334000025,11.703778268000121],[9.179490089000183,11.704011917000173],[9.212409974000025,11.707202911000081],[9.230085373000065,11.691419602000053],[9.238184929000056,11.659686090000037],[9.251479149999966,11.634742735999964],[9.262013436000132,11.615871429000038],[9.289003373000128,11.58853340100012],[9.307730676,11.573771476000047],[9.314411164000148,11.572122574000048],[9.288166046000015,11.563922882000156],[9.222875595000062,11.570452691000185],[9.216348649,11.590037346000145],[9.206555367000078,11.593302727000037],[9.1771726610001,11.58351040000008],[9.170644760000073,11.603096963000041],[9.138001442000075,11.603096963000041],[9.075974464000012,11.544336319000024],[9.040066718000162,11.544336319000024],[8.995179177000068,11.55331421000011],[8.994362832000093,11.560656547000178],[8.970519067000168,11.566621781000094],[8.970488548000048,11.563489914000058],[8.968339920000062,11.564212799000074],[8.966060638000158,11.564880372000175],[8.963891029000138,11.567671776],[8.956278802000099,11.568517685000131],[8.956233025000131,11.57190704400017],[8.953774452000175,11.572381019000034],[8.949673653000048,11.573725701000058],[8.942620277000174,11.577812196000082],[8.938522340000134,11.579620361000025],[8.931695938000189,11.58371067000013],[8.925779343000158,11.587575913000137],[8.92236709600013,11.589851380000027],[8.918729782000128,11.592818261000104],[8.913501740000072,11.597152710000159],[8.908502577999968,11.602415086000178],[8.903500557000086,11.606061935000014],[8.900770188000081,11.607880592000129],[8.902152061000095,11.611589431000141],[8.903534888000024,11.615064621000101],[8.905371666000121,11.619009971000025],[8.906752586000152,11.622488022000141],[8.906768799000133,11.626874925000095],[8.905650139000159,11.632173538000018],[8.907482148000099,11.634501457000169],[8.908865928000012,11.638671875000114],[8.911609649000127,11.641008377000162],[8.912528037000072,11.642633438000018],[8.914362908000101,11.645422936000102],[8.916884421000134,11.648448943000119],[8.919623375000072,11.649860382000099],[8.922365188000185,11.651042937000113],[8.924880981000058,11.652914047000081],[8.927173615000015,11.656400681000036],[8.928104402000031,11.661027908000051],[8.929252625000117,11.663118363000081],[8.927897452000138,11.666798593000124],[8.927673338999966,11.667949677000138],[8.927005768000072,11.672329902000058],[8.927774429000181,11.673308373000111],[8.930669785000134,11.676985740000191],[8.932955742000161,11.678393364000158],[8.935471535000033,11.680496215000119],[8.937299728000028,11.6812067030001],[8.940492630000108,11.681699754000135],[8.945280074000095,11.680825233000178],[8.949839593000149,11.680638314000078],[8.953712464000034,11.679753303000098],[8.954784392000079,11.679151535000074],[8.95714283000018,11.677829742000029],[8.957324981000056,11.67742443100019],[8.961155891000146,11.668981553000037],[8.965783120000083,11.661216736000029],[8.970988273999978,11.662195205000046],[8.971378327000025,11.662259103],[8.981630325000083,11.663922311000135],[8.991030692999971,11.665410996000105],[9.001169205000053,11.668259621],[9.008603096000058,11.667460442000049],[9.024429321000127,11.671744347000015],[9.034814835000191,11.674599648000139],[9.042234420000113,11.676509858000088],[9.051155090000123,11.675730706000081],[9.066520691000051,11.673910141000022],[9.077663422000171,11.674066544000084],[9.093999863000136,11.67453193800003],[9.109850883000149,11.673631668000155],[9.121231079000097,11.674925804000111],[9.134076119000099,11.679858207999985],[9.143954277000148,11.684292793],[9.154823303000057,11.688516618],[9.162714005000169,11.694052697000018],[9.169768334000025,11.703778268000121]]]]}},
{"type":"Feature","properties":{"fid":3,"GID_2":"NGA.20.3_1","GID_0":"NGA","COUNTRY":"Nigeria","GID_1":"NGA.20_1","NAME_1":"Kano","NL_NAME_1":"NA","NAME_2":"Bagwai","VARNAME_2":"NA","NL_NAME_2":"NA","TYPE_2":"Local Authority","ENGTYPE_2":"Local Authority","CC_2":"NA","HASC_2":"NA"},"geometry":{"type":"MultiPolygon","coordinates":[[[[8.10475730800016,12.189594268000064],[8.115167618000157,12.187715530000048],[8.126217841000084,12.185314178000169],[8.134943962000079,12.181267738000031],[8.147183418000111,12.177728653000031],[8.161814688999982,12.170525552000072],[8.168855667000116,12.166727067000124],[8.16966533700014,12.162322045000167],[8.173826217000169,12.149690628000144],[8.180541039000104,12.138933182000017],[8.186251639000091,12.116173745000083],[8.192111969,12.116247177000162],[8.198515892000103,12.110790253000175],[8.208548546000088,12.097307206000039],[8.214174270000171,12.097374917000081],[8.216247560000113,12.094362259000036],[8.220156670000108,12.08868503500014],[8.221904755000025,12.064266205000138],[8.226498602999982,12.050271987000087],[8.228531838000094,12.034865380000156],[8.226192474000129,12.027922630000148],[8.22156715400007,12.018183709000027],[8.217892647000099,12.012146951000034],[8.217414857000165,12.00983619699997],[8.215929032000076,12.008314134000102],[8.205345154000099,11.997463227000139],[8.1908674230001,11.98943328900009],[8.180460930000152,11.983534813],[8.160800934000065,11.976596831999984],[8.151019096000027,11.972328187000016],[8.142367363000119,11.970837593000169],[8.140040399000156,11.969658852000066],[8.13864994100004,11.968487740000171],[8.137026787000025,11.967315675000066],[8.135642052000094,11.965686799000139],[8.135650635000047,11.965117455000097],[8.133575439000083,11.965463638000074],[8.133523941000078,11.96634960199998],[8.126660347000097,11.971109389999981],[8.122880935000012,11.973136903000182],[8.117020607000086,11.973299028000156],[8.110690116000058,11.973451615000101],[8.106680870000162,11.975480080000125],[8.101663590000157,11.981876373000091],[8.098534584000106,11.987833024000111],[8.099299430000144,12.000062942000056],[8.098253251000187,12.007889749000071],[8.097438812,12.015718461000176],[8.092801095000084,12.028804779000041],[8.091235162000089,12.040086747000032],[8.07488727599997,12.052570343000184],[8.065032006000081,12.053372383000124],[8.039985658000035,12.051224709000053],[8.01354789700008,12.047908784000015],[8.001119614000174,12.048446655000021],[7.996850967,12.051856041000065],[7.995409011999982,12.071206093000058],[7.994581223000182,12.07995796300014],[7.994350910000037,12.096326828000144],[7.99578714400019,12.110870362000128],[7.998785972000178,12.130737305000025],[7.998095990000081,12.133397103],[7.999918938000121,12.133518218000177],[8.006095887000072,12.127826691000053],[8.012117386999989,12.132744789000014],[8.018571854000186,12.14043045000011],[8.024308205000068,12.149031640000146],[8.033117294000022,12.156056403999969],[8.043732643000169,12.151110650000021],[8.052439689000096,12.148680686000091],[8.06067562000004,12.146245002000171],[8.067904473000169,12.14886760700017],[8.07465362500011,12.152176857000086],[8.083908081,12.160821915000042],[8.087976456000092,12.17147731700004],[8.089029311000104,12.179791450999971],[8.09675312000013,12.180577278000101],[8.102799415999982,12.183877945000063],[8.105108262000101,12.186442376000059],[8.10475730800016,12.189594268000064]]]]}},
{"type":"Feature","properties":{"fid":4,"GID_2":"NGA.20.4_1","GID_0":"NGA","COUNTRY":"Nigeria","GID_1":"NGA.20_1","NAME_1":"Kano","NL_NAME_1":"NA","NAME_2":"Bebeji","VARNAME_2":"NA","NL_NAME_2":"NA","TYPE_2":"Local Authority","ENGTYPE_2":"Local Authority","CC_2":"NA","HASC_2":"NA"},"geometry":{"type":"MultiPolygon","coordinates":[[[[8.281408311,11.704003334000106],[8.283136367,11.702145577000124],[8.286270141000159,11.698459626000044],[8.285822867999968,11.697070122000014],[8.285722733000114,11.689662934000182],[8.285330772000123,11.685261725999965],[8.28613472,11.679946899000129],[8.288318634000063,11.676717758000052],[8.290240287000188,11.674878121000177],[8.292421342000068,11.671652793000078],[8.29342937399997,11.668187141000033],[8.294281006000119,11.660321237000062],[8.29460906900016,11.655232429000023],[8.29540920200003,11.650144578000152],[8.297355653000068,11.646918297000127],[8.299774169000159,11.643692970000131],[8.301027298000179,11.639765738999984],[8.301996231000146,11.638381959000071],[8.303485870000031,11.634224892000134],[8.30423164299998,11.63214683700005],[8.306151390000139,11.630539894000037],[8.307844162000038,11.628235816000029],[8.309516908000035,11.62708664000013],[8.312406541000144,11.623867036000036],[8.315518379000025,11.621571541000094],[8.318401337000182,11.618811607000168],[8.322686195000131,11.616752625000117],[8.326541901000155,11.612381936000077],[8.329221726000071,11.607769012000176],[8.332151413000133,11.602462768000066],[8.334565162000104,11.599469185000089],[8.334577560000014,11.598775863000071],[8.336997033000102,11.595550537],[8.33776187899997,11.592313768000167],[8.339034081000079,11.587229729000057],[8.341201782000098,11.584930419000102],[8.344278336000116,11.584487916000171],[8.345951079999963,11.58333873700019],[8.347859382000138,11.582193376000191],[8.351680756000121,11.579671860000076],[8.355714798000122,11.578538895000065],[8.35737419100019,11.578087806000156],[8.362588882000068,11.576962471],[8.365676879999967,11.575824738000108],[8.371863364000092,11.571820260000095],[8.374487877000092,11.571874620000131],[8.376995087000068,11.57261562400015],[8.379954338,11.572448732],[8.38136005399997,11.57110500400006],[8.386173248000148,11.568681718000107],[8.388878821999981,11.568279267000094],[8.391743660999964,11.566963195000085],[8.396585465000044,11.562707901000067],[8.396994592000055,11.56203079300019],[8.397525787,11.560666085000094],[8.398803712000188,11.560416223000175],[8.399554252000087,11.559103012000151],[8.400482178000118,11.555452348000074],[8.401249886000073,11.552717210000083],[8.402269364,11.550215722000075],[8.401379585000029,11.548594474000026],[8.404149055000062,11.541084290000185],[8.404758453,11.539260864000141],[8.404477120000081,11.535817146000113],[8.403678895000041,11.530297279000024],[8.404235839000137,11.52709865700001],[8.404221534999976,11.525494576000085],[8.406049729000074,11.520029068000156],[8.40734863199998,11.515929223000114],[8.413435935000166,11.511240959000133],[8.417561531000104,11.511099815000023],[8.42020988500019,11.50583458],[8.41959476400001,11.502133369000092],[8.418004036000013,11.49980926500001],[8.41614437200019,11.496329308000099],[8.414035798000157,11.492151261],[8.411175729000036,11.489584924000042],[8.410623551000185,11.483110428000089],[8.40984725900006,11.480331420000027],[8.409455299000115,11.47686481500017],[8.409158707000131,11.475241662000087],[8.408507347000068,11.470849991000023],[8.405474662000017,11.465044976000172],[8.401863097999978,11.460161210000024],[8.395684243000062,11.454328537000151],[8.392427445000067,11.452219963000118],[8.392233849000036,11.444594383000151],[8.392458917,11.44090175700012],[8.395329476000143,11.427762985000186],[8.394987106000031,11.421290398999986],[8.394972802000098,11.421059608000178],[8.398857117000034,11.412955283000144],[8.398693084000058,11.412087440000164],[8.395635606000042,11.405821801000172],[8.393824578000135,11.403264998999987],[8.390259744000048,11.399303436000082],[8.38863277500019,11.396286012000132],[8.385958672000129,11.389329911000061],[8.383962631000088,11.387232779999977],[8.378413201000114,11.381407737000018],[8.373293876000162,11.375817300000165],[8.369522095000093,11.371855737000033],[8.365537643000096,11.367892266000069],[8.362182618000077,11.363933562999989],[8.362383843000089,11.363702775000093],[8.359988213000122,11.362065316000042],[8.356496812000159,11.359491348000063],[8.352749824000114,11.355991364000033],[8.34619998900007,11.351080894000177],[8.340353965000077,11.347561836000125],[8.334257125000079,11.343345641000099],[8.329695701000162,11.340300561],[8.32428073900013,11.337017060000051],[8.319928168000104,11.333976745000086],[8.314895630000137,11.330001831000175],[8.312209129000166,11.326740266000058],[8.308373452000126,11.321623803000136],[8.306266785000162,11.319936752000046],[8.302501679000045,11.321569443000044],[8.294289589000186,11.32209777800017],[8.285455703000082,11.322368623000102],[8.272230148000119,11.320946694000156],[8.261935233000145,11.321190833000173],[8.254600525000058,11.32126426700006],[8.239759444000015,11.32576942500009],[8.234866142000158,11.328645707000078],[8.227227212000173,11.332156182000176],[8.219628333000173,11.335434913000142],[8.214215279000086,11.338574410000092],[8.211104394000188,11.340870858000017],[8.206996919000062,11.346167564000041],[8.204084397000145,11.350547791],[8.199722290000068,11.356769563],[8.197964668000111,11.362545968],[8.195988655000122,11.367392541000015],[8.192951203000177,11.378716469000096],[8.187767983000128,11.39118290000016],[8.182366372000047,11.40272045100005],[8.177942275000021,11.412412643000152],[8.175093651000054,11.426283836999971],[8.173519135000163,11.43507003700006],[8.174006463000126,11.447106361000124],[8.174357414000156,11.453820228000097],[8.175985336,11.468180656000072],[8.178078651000078,11.482773782000152],[8.181613922000111,11.496220590000178],[8.185329438000053,11.512447358000031],[8.18800544700008,11.521024705000173],[8.190847397000027,11.533539771000051],[8.191929818000119,11.538870811000095],[8.190158845000042,11.545340539000165],[8.189358712000057,11.550428390000036],[8.190370560000076,11.559693337000056],[8.190359116000025,11.560385704000055],[8.19091129300017,11.568952561],[8.191387177000081,11.581686975000139],[8.194135666000022,11.590255737000177],[8.194607736000023,11.591876985],[8.198602676000178,11.604830742000047],[8.20320892400008,11.613186836000068],[8.205989837000061,11.61967277499997],[8.210376740000186,11.628485680000097],[8.212977409000189,11.637965202000146],[8.21470737500016,11.649509430000023],[8.217462539,11.654153823000115],[8.221875191000095,11.664809226999978],[8.225335121000171,11.671537400000034],[8.231684685000118,11.676230430000032],[8.237039566000078,11.69012260400018],[8.242281915000092,11.695953369000108],[8.245462419000035,11.698533058000123],[8.247771262000185,11.703170777000025],[8.249806405000072,11.704350472000044],[8.254113197000095,11.707404136000093],[8.256041527000093,11.709029197000177],[8.256613731000016,11.709509850000074],[8.260016441,11.712089537999987],[8.262730598000132,11.713740349999966],[8.264540673000056,11.714686394000125],[8.266113281000173,11.714706421000074],[8.269614220000051,11.708073616999968],[8.270763397000167,11.707622528000059],[8.276451111000029,11.706271172000129],[8.278817177000064,11.70605182700001],[8.281209946000047,11.704217911000171],[8.281408311,11.704003334000106]]]]}},
{"type":"Feature","properties":{"fid":5,"GID_2":"NGA.20.5_1","GID_0":"NGA","COUNTRY":"Nigeria","GID_1":"NGA.20_1","NAME_1":"Kano","NL_NAME_1":"NA","NAME_2":"Bichi","VARNAME_2":"NA","NL_NAME_2":"NA","TYPE_2":"Local Authority","ENGTYPE_2":"Local Authority","CC_2":"NA","HASC_2":"NA"},"geometry":{"type":"MultiPolygon","coordinates":[[[[8.168855667000116,12.166727067000124],[8.161814688999982,12.170525552000072],[8.147183418000111,12.177728653000031],[8.134943962000079,12.181267738000031],[8.126217841000084,12.185314178000169],[8.115167618000157,12.187715530000048],[8.10475730800016,12.189594268000064],[8.104031563999968,12.196111679000126],[8.094941140000117,12.209377288000042],[8.087732315000096,12.22197055800018],[8.088791846999982,12.229825021000181],[8.082902908999984,12.248661996000067],[8.07640171100013,12.260803223000039],[8.073892594000085,12.272530557000096],[8.073410034000119,12.273677826000096],[8.073600768000119,12.276679039000157],[8.06925487400008,12.28561782800017],[8.065852164999967,12.294338227000026],[8.061491966000119,12.305587769000056],[8.060496331000024,12.311577797000041],[8.052494049000188,12.318640710000125],[8.050537110000164,12.327153207000038],[8.053292274000057,12.331339836000097],[8.059743881000145,12.338332176000108],[8.06807231900018,12.344656944000121],[8.074328422000121,12.348415375000116],[8.074003219000133,12.349117279000097],[8.07780647300001,12.350070000000187],[8.083629607999967,12.350827216000084],[8.09180259600015,12.349534035000147],[8.10754203800019,12.346034049000082],[8.121167182000079,12.343893051000066],[8.133899689000089,12.338281631000086],[8.149728775000085,12.329483033000031],[8.163655280000171,12.322502136000026],[8.17327499400011,12.321695328000089],[8.19186782800017,12.316156387000149],[8.200789451000162,12.315110207000089],[8.212824822000073,12.309262276000027],[8.220141410000053,12.305661202000181],[8.23385238700007,12.297296525000036],[8.249135971000044,12.293793679000089],[8.259011269000155,12.291607855999985],[8.263958931000104,12.289590836000116],[8.273615838000183,12.286247253000113],[8.286388397000167,12.278103827999985],[8.293723105000026,12.273118972000191],[8.303196907000029,12.266083718000061],[8.313573837999968,12.261597633],[8.323667526000065,12.260337831000072],[8.329442979000021,12.266403197999978],[8.330046655000046,12.273328781999965],[8.338410377000173,12.278733253000098],[8.349645615000043,12.279560089000142],[8.364348412000027,12.284118653],[8.379554749000079,12.291925431000095],[8.390686036000147,12.301522256000169],[8.400675774000149,12.309720040000059],[8.408497811000132,12.32341766400009],[8.412879944000053,12.33896636999998],[8.41342544500003,12.33891773300013],[8.423942565000118,12.336526871000046],[8.432515144000035,12.323281288000032],[8.433223725000119,12.309469223],[8.444595337000123,12.303862573000117],[8.454553604000068,12.293401718000098],[8.462084770000047,12.285902976000159],[8.464283943000055,12.282706261000044],[8.466401099000052,12.27352142400008],[8.465574265000043,12.262221337000142],[8.465213776000155,12.252310751999971],[8.465354920000095,12.247084617000041],[8.465361595000047,12.246784211000033],[8.460988045000022,12.238890648],[8.455522537000036,12.233288766000157],[8.453182220000144,12.226346970000066],[8.448849677000055,12.221448899000052],[8.448553085000185,12.216148377000081],[8.445102691000159,12.210112572000128],[8.433504105000054,12.215484619000051],[8.426454545000126,12.225294114000178],[8.418492317000187,12.233941079000033],[8.410136223000166,12.23037242900017],[8.399926187000062,12.222399711000037],[8.391720772000156,12.213536263000151],[8.384202003000041,12.205371858000092],[8.375543594000135,12.196039200000087],[8.368923187000064,12.188118934000045],[8.353098870000053,12.180070877],[8.34831714600017,12.175168992000067],[8.344414711000127,12.168891906000113],[8.342587470000012,12.166567801999975],[8.336235047000116,12.161872864000031],[8.3281526560001,12.161763192000024],[8.314934731000051,12.163657188000059],[8.301183700000138,12.159555436000119],[8.290519715000016,12.151350021000042],[8.27805805100013,12.142885209000099],[8.274414063000052,12.139151574000152],[8.267336846000092,12.133298873000058],[8.260631562000015,12.126759529000083],[8.246361733000185,12.124973298000157],[8.2326259620001,12.134950638000021],[8.216963768000028,12.148829461000048],[8.202082634000135,12.156949996000037],[8.190562249000038,12.159578324000051],[8.18915367000011,12.159791947000087],[8.172677992999979,12.164662362000058],[8.168855667000116,12.166727067000124]]]]}},
{"type":"Feature","properties":{"fid":6,"GID_2":"NGA.20.6_1","GID_0":"NGA","COUNTRY":"Nigeria","GID_1":"NGA.20_1","NAME_1":"Kano","NL_NAME_1":"NA","NAME_2":"Bunkure","VARNAME_2":"NA","NL_NAME_2":"NA","TYPE_2":"Local Authority","ENGTYPE_2":"Local Authority","CC_2":"NA","HASC_2":"NA"},"geometry":{"type":"MultiPolygon","coordinates":[[[[8.618162156000039,11.728857041000083],[8.619508744000086,11.726434708000113],[8.620238303000122,11.724361420000037],[8.622621537000157,11.717917443000033],[8.625229835000141,11.71170520700008],[8.626973151000129,11.705021859000055],[8.630913733000057,11.69628238700011],[8.633361816,11.687065125000061],[8.633293152000022,11.677824975000078],[8.633975029,11.670901298],[8.637518883000155,11.662618637000094],[8.639888764000034,11.659870148000152],[8.643458366000175,11.655975341000044],[8.647542000000158,11.653935433000186],[8.651047707000089,11.652813912000056],[8.654601098000171,11.652615548000142],[8.659105302000171,11.654504777000056],[8.661693573000036,11.655914308000035],[8.664099693000139,11.657785416000138],[8.665504456000122,11.660570144000189],[8.667475701000058,11.666132927000092],[8.667573929000184,11.667979241000069],[8.669123648999971,11.67746543800007],[8.66970157600008,11.680474281000102],[8.669510842000136,11.688788414000101],[8.670532227000024,11.696187973000121],[8.674004555000067,11.706382753000071],[8.677221298,11.715654373000177],[8.679218292000087,11.72167778],[8.682311059000085,11.72863578800019],[8.684726715000124,11.734664918000078],[8.688990592000039,11.740015984000138],[8.694134713000153,11.746071815000164],[8.69910335600008,11.74888897000011],[8.703757287000144,11.749625207],[8.709183693000057,11.749212265000153],[8.712850570000171,11.747167587000092],[8.714754104000065,11.743489266000097],[8.718901634000076,11.738677978999988],[8.72165489300005,11.735239030000116],[8.723988532000135,11.731795311000042],[8.726860999000053,11.726505281000016],[8.724327088000052,11.722328185000094],[8.724835397000106,11.716098786000089],[8.726298333000045,11.704098701000078],[8.726204871000107,11.694396974000028],[8.726159096000117,11.689544679000051],[8.726210594000122,11.688224792000028],[8.726520538000045,11.680541992000087],[8.727117539000119,11.672001839000018],[8.728750228000138,11.663235664000069],[8.728838919999987,11.657000542000048],[8.726721763000057,11.652592660000039],[8.724665641000115,11.641489029000127],[8.724652291000098,11.641256333000058],[8.727581023000084,11.633199691000129],[8.724958420000064,11.627168655999981],[8.723832130000176,11.617394448000027],[8.722075462000134,11.616286278000189],[8.719091415000037,11.615333557000156],[8.717313767000064,11.617396355000096],[8.7162036900001,11.616231919000029],[8.711489677000088,11.614339830000063],[8.708247185,11.612462044000154],[8.702461243000187,11.610097886000119],[8.694860457000118,11.609102249000046],[8.692798615000072,11.609777451000127],[8.690541267000185,11.610679626000092],[8.687900544000058,11.612270355000021],[8.686445236000111,11.612488748000033],[8.68308830300009,11.6124572760001],[8.677572250000139,11.611251830000185],[8.673551559000089,11.61052227100015],[8.672674180000058,11.609820366000065],[8.669084549000104,11.609324455000149],[8.662423135000154,11.610186577999968],[8.659066200000154,11.610155106000036],[8.654229163000025,11.609880448000069],[8.650416375000077,11.609152794000067],[8.647234916000173,11.608429908000119],[8.642781256999967,11.607463837000012],[8.636203766000108,11.60601425200008],[8.630654335999964,11.604116441000031],[8.628637314000059,11.603636741000116],[8.626620292000155,11.603154183000129],[8.624287605000177,11.60267067],[8.622166633000177,11.602190018000044],[8.621092796000028,11.601717949000147],[8.614528656000118,11.600501060999989],[8.610508919000154,11.599772454],[8.603782654000099,11.599474908000104],[8.600648880000108,11.599679948000187],[8.594971657000144,11.599395752000135],[8.589888573000053,11.598424912000098],[8.58538818300002,11.596534728],[8.583845138000129,11.595133782000119],[8.578553200000158,11.594160079000062],[8.57664108300014,11.593680382000116],[8.571695328000089,11.591322898999977],[8.570918084000084,11.588544846000104],[8.569799424000109,11.583223344000146],[8.56798744200006,11.580665588999977],[8.565629959000148,11.579717637000044],[8.565185546000066,11.579253196000082],[8.564842225000177,11.576708794000069],[8.562213897000106,11.57460785000012],[8.560315132000142,11.57042789500008],[8.559098243000108,11.567185403],[8.559073448999982,11.566723824000121],[8.555313111000089,11.562993049000056],[8.554832458000021,11.561833382000088],[8.549280166000131,11.559931755000093],[8.546912194000186,11.558758735000026],[8.544580460000134,11.558273315000179],[8.544370651000122,11.55827140800011],[8.543245315000092,11.560800553000036],[8.542132378000076,11.567487717000176],[8.541425705000165,11.570023536000065],[8.541230201000133,11.570252419000099],[8.541154862000042,11.572793961000059],[8.542153359000167,11.575803757000074],[8.542201041000169,11.576729775000103],[8.541768074000174,11.58041954000015],[8.54119777700015,11.581569672000114],[8.539361001000032,11.582477569000162],[8.538841249000029,11.58455181100004],[8.538628578999976,11.584548951000158],[8.537701608000134,11.59077835100004],[8.537998199000072,11.59239864400007],[8.530387878,11.591170312000088],[8.528436661000114,11.58999919900009],[8.526944161000074,11.589522362000139],[8.524170876000028,11.588571550000154],[8.523303986000087,11.588102340000091],[8.520120621000046,11.587380409000104],[8.51627254400006,11.585957527000176],[8.511054039000044,11.582443238000053],[8.503679276000128,11.577756883],[8.496610642,11.574917793000111],[8.489309310000067,11.571617128000128],[8.482610702000045,11.567858697000133],[8.475764275000131,11.565254212000184],[8.470682145000069,11.564283372000148],[8.463992119000068,11.56468391500016],[8.461722375000022,11.56543636300006],[8.461548805000064,11.566044807000139],[8.460930825000048,11.570199967],[8.460062980000146,11.576649666000151],[8.459402084000146,11.582139969000139],[8.459258080000154,11.589701653000134],[8.459006310000063,11.589469910000048],[8.458862304000093,11.59198761],[8.45504379200014,11.598787308000055],[8.454487801000084,11.601986886000134],[8.451957703000176,11.608124734000114],[8.452569008000182,11.611347199000022],[8.447609901000135,11.616286278000189],[8.444720268000026,11.619436264000058],[8.441180230000043,11.624636650000127],[8.440148354000144,11.630576133000091],[8.44268226600019,11.634526253000104],[8.436250686000051,11.637832641000102],[8.435468675000095,11.638963699000101],[8.426967621000131,11.644058228000176],[8.419288634000111,11.647794723000118],[8.413101197000174,11.654578210000182],[8.413586617000021,11.66684913600011],[8.417263032,11.672426224000048],[8.417991638000046,11.671273232000033],[8.417482377000113,11.67335415000008],[8.421126365000021,11.680550574999984],[8.422454835000167,11.685419083000113],[8.42472267100004,11.690526962000092],[8.432897567000168,11.695203782000135],[8.433902741,11.695482255000172],[8.438064574,11.696625711000138],[8.450244904000101,11.698888779000129],[8.457383156999981,11.699957847000121],[8.463990211000066,11.702386856000089],[8.467187881000143,11.705892563000191],[8.468752862000031,11.708678246000034],[8.473519324999984,11.714970587999971],[8.476092338000171,11.718691827000157],[8.476743699000167,11.721687316999976],[8.480342865000068,11.727954864000139],[8.48506736700017,11.734473229000116],[8.491330146999985,11.740565300000128],[8.496664047000081,11.745265007000057],[8.502915383000072,11.749750138000138],[8.508567810000102,11.752619744000071],[8.516473771000108,11.755996705000143],[8.52480602300011,11.760297775000026],[8.539069177000044,11.765872956000123],[8.544587135000086,11.767821312000024],[8.554122925,11.766873360000091],[8.562558175,11.763841630000059],[8.567768097000169,11.759136200000114],[8.571731566999972,11.754631996000114],[8.573448181000117,11.751414298000157],[8.577669143000094,11.747987747000082],[8.582261086000187,11.743641854000089],[8.584412574,11.736731530000156],[8.586942673000181,11.733061791000182],[8.594251633000113,11.724581718000138],[8.598978997000074,11.722779274],[8.603088379000098,11.721199035000097],[8.606665612000029,11.721464157000185],[8.611575127000094,11.723125458000084],[8.612919808000072,11.724755287],[8.614041328000155,11.726152420000062],[8.618162156000039,11.728857041000083]]]]}},
{"type":"Feature","properties":{"fid":7,"GID_2":"NGA.20.7_1","GID_0":"NGA","COUNTRY":"Nigeria","GID_1":"NGA.20_1","NAME_1":"Kano","NL_NAME_1":"NA","NAME_2":"Dala","VARNAME_2":"NA","NL_NAME_2":"NA","TYPE_2":"Local Authority","ENGTYPE_2":"Local Authority","CC_2":"NA","HASC_2":"NA"},"geometry":{"type":"MultiPolygon","coordinates":[[[[8.50155925700011,11.988906861999965],[8.50050926199998,11.987942696000118],[8.489016534000143,11.983938217000173],[8.480798721000099,11.981572150999966],[8.464064597,11.980312347000051],[8.457007408999971,11.979110718000186],[8.4480590820001,11.977897644000166],[8.433346748000133,11.975443841000072],[8.430186272000071,11.974858284000049],[8.429148674000032,11.980222702000162],[8.431744575000153,11.989472389000127],[8.435197830000163,11.995739937],[8.439530373000082,12.000635147000025],[8.441155434000166,12.004575729000123],[8.445481301000029,12.009009361000153],[8.451169968000102,12.014385223000147],[8.455495834000089,12.018817901000091],[8.46475124400007,12.022630692000178],[8.470410347000154,12.025934219000021],[8.482297896999967,12.029030799999987],[8.487017631000072,12.029058455999973],[8.484286308000094,12.023486137000191],[8.480139733000101,12.01790618800004],[8.481431961000112,12.011664391000068],[8.481967926000152,12.008196831000078],[8.487922668000067,12.005225182000117],[8.48604965200019,11.991325378000056],[8.499073028,11.989093781000065],[8.50155925700011,11.988906861999965]]]]}},
{"type":"Feature","properties":{"fid":8,"GID_2":"NGA.20.8_1","GID_0":"NGA","COUNTRY":"Nigeria","GID_1":"NGA.20_1","NAME_1":"Kano","NL_NAME_1":"NA","NAME_2":"Dambatta","VARNAME_2":"NA","NL_NAME_2":"NA","TYPE_2":"Local Authority","ENGTYPE_2":"Local Authority","CC_2":"NA","HASC_2":"NA"},"geometry":{"type":"MultiPolygon","coordinates":[[[[8.613370896000106,12.561918258],[8.615859985000043,12.56146430900003],[8.627240181000047,12.55654430400017],[8.639755250000178,12.552559852000172],[8.654076576000136,12.549288751000176],[8.666634559999977,12.548529625000072],[8.67758846300012,12.545215607000102],[8.681771278999975,12.539277077000122],[8.682550430000049,12.530759812000156],[8.681571960000099,12.524982452000131],[8.682755470000188,12.513239861000159],[8.681834222000134,12.495480537000105],[8.682809830000053,12.48488998300013],[8.684008599000038,12.474301339000135],[8.68247508900015,12.460680961000094],[8.684810639000148,12.451260567000134],[8.690258026000095,12.43934631400009],[8.703137398000081,12.429371834000108],[8.709386824999967,12.426688194000121],[8.717864990000066,12.423111916000153],[8.730193138000118,12.414427757000055],[8.74474334700011,12.405942916000129],[8.75659465800004,12.403002739000158],[8.764752387000101,12.395636558000035],[8.768919945000107,12.388814926000123],[8.771802903000093,12.384099960000128],[8.773631096000088,12.374381065000023],[8.778078079000068,12.363290787000096],[8.782384873000069,12.346872330999986],[8.781851769000014,12.337142945000039],[8.775925636000068,12.325528145000021],[8.773286820000067,12.314860343000021],[8.785140990000116,12.298715592000121],[8.789731025000037,12.292721748000133],[8.794342041000164,12.290425301000141],[8.786582948000046,12.285740853000107],[8.77822113100018,12.278282166],[8.76510715400002,12.272647858000141],[8.752017975000172,12.265621186000146],[8.73883628800013,12.263688088000038],[8.724917411000149,12.263372421000156],[8.716723442000159,12.259617805000175],[8.701102257,12.262067795],[8.697243691000153,12.266672135000135],[8.688583372999972,12.275642394999977],[8.677862168000104,12.281130790000191],[8.662370682000187,12.289366721000135],[8.655421257000114,12.295110703000034],[8.642564774000107,12.301709175000099],[8.634877204000134,12.297689438000134],[8.632760047000033,12.290515900000059],[8.629009247,12.278949738],[8.630902290000051,12.267646791000118],[8.629188537000118,12.258148193000068],[8.620136261000027,12.249760628000047],[8.609649659000127,12.24228954300014],[8.606437684000184,12.237407684000061],[8.597416878000047,12.234521866000023],[8.586401940000144,12.233450891000132],[8.580293656000094,12.229911805000029],[8.574981690000072,12.231174469000052],[8.571118354000134,12.232092857000055],[8.567002296000112,12.242861747000063],[8.565051079000057,12.264260292000131],[8.559632301000022,12.27823829700003],[8.553944586999989,12.289218902000073],[8.540026664000152,12.305618285000094],[8.525963783000179,12.327773094000065],[8.515876769999977,12.345142365000015],[8.503694534000147,12.357188224000083],[8.489814759000012,12.359995843000149],[8.484157562000121,12.356693268000186],[8.480231285000059,12.348576546000061],[8.472988128,12.344330787000047],[8.466709136000077,12.344706537000036],[8.465277672000127,12.355053902000066],[8.467535972000064,12.372364045000097],[8.470328331000132,12.395898818000092],[8.478232384000137,12.431942940000056],[8.480518341,12.451322555000104],[8.489570618000187,12.456515313000068],[8.500619888000074,12.460120202000155],[8.51685714600012,12.465408325000112],[8.532125474000054,12.48196983400004],[8.534587860000045,12.497899055000062],[8.517944337000074,12.511955261000082],[8.507605553000133,12.529116631000022],[8.503461838000078,12.540364265000164],[8.512519836000081,12.546239853000145],[8.51880073500007,12.549544335000178],[8.522875785999986,12.559739113000091],[8.526948929000127,12.570163727000022],[8.527714730000184,12.575890542000025],[8.541420937000112,12.577339173000098],[8.551966667000102,12.577231408000102],[8.568191528999989,12.571675300000152],[8.574225427000101,12.569681169000091],[8.586309433,12.567072869000071],[8.607576370000061,12.562971114999982],[8.613370896000106,12.561918258]]]]}},
{"type":"Feature","properties":{"fid":9,"GID_2":"NGA.20.9_1","GID_0":"NGA","COUNTRY":"Nigeria","GID_1":"NGA.20_1","NAME_1":"Kano","NL_NAME_1":"NA","NAME_2":"Dawakin Kudu","VARNAME_2":"NA","NL_NAME_2":"NA","TYPE_2":"Local Authority","ENGTYPE_2":"Local Authority","CC_2":"NA","HASC_2":"NA"},"geometry":{"type":"MultiPolygon","coordinates":[[[[8.726860999000053,11.726505281000016],[8.723988532000135,11.731795311000042],[8.72165489300005,11.735239030000116],[8.718901634000076,11.738677978999988],[8.714754104000065,11.743489266000097],[8.712850570000171,11.747167587000092],[8.709183693000057,11.749212265000153],[8.703757287000144,11.749625207],[8.69910335600008,11.74888897000011],[8.694134713000153,11.746071815000164],[8.688990592000039,11.740015984000138],[8.684726715000124,11.734664918000078],[8.682311059000085,11.72863578800019],[8.679218292000087,11.72167778],[8.677221298,11.715654373000177],[8.674004555000067,11.706382753000071],[8.670532227000024,11.696187973000121],[8.669510842000136,11.688788414000101],[8.66970157600008,11.680474281000102],[8.669123648999971,11.67746543800007],[8.667573929000184,11.667979241000069],[8.667475701000058,11.666132927000092],[8.665504456000122,11.660570144000189],[8.664099693000139,11.657785416000138],[8.661693573000036,11.655914308000035],[8.659105302000171,11.654504777000056],[8.654601098000171,11.652615548000142],[8.651047707000089,11.652813912000056],[8.647542000000158,11.653935433000186],[8.643458366000175,11.655975341000044],[8.639888764000034,11.659870148000152],[8.637518883000155,11.662618637000094],[8.633975029,11.670901298],[8.633293152000022,11.677824975000078],[8.633361816,11.687065125000061],[8.630913733000057,11.69628238700011],[8.626973151000129,11.705021859000055],[8.625229835000141,11.71170520700008],[8.622621537000157,11.717917443000033],[8.620238303000122,11.724361420000037],[8.619508744000086,11.726434708000113],[8.618162156000039,11.728857041000083],[8.617212296000162,11.730570794000073],[8.617012977000059,11.730798722000088],[8.613316536000013,11.744161606000148],[8.606858253000098,11.756806373000188],[8.602034570000058,11.776625634000027],[8.592972755000119,11.787627220000104],[8.578026772000101,11.79787159],[8.558768273000169,11.802514077000183],[8.548993110000026,11.804829598000026],[8.538049697000076,11.807123184000091],[8.528101921000143,11.808750152000016],[8.518777846000035,11.810158731000172],[8.512621880000154,11.814894675000119],[8.505955695000068,11.818095207999988],[8.503991128000166,11.82224941200019],[8.496321679000175,11.828680991000056],[8.492003441000122,11.832590104000076],[8.49331760300015,11.838152885],[8.490995407000185,11.838378906000173],[8.491608620000022,11.841382981000095],[8.498138429000051,11.845587731000023],[8.507031441000095,11.84980869400016],[8.519235610000067,11.853590011000108],[8.524853706000044,11.856169702000102],[8.523254394000048,11.857876777000058],[8.524820327000043,11.858020783000086],[8.53308010100011,11.858071328000051],[8.536012649000099,11.859054565000179],[8.54082202900014,11.860664368000016],[8.548937797000178,11.860777855000094],[8.557958602000042,11.862801552000121],[8.569063186999983,11.864639283000031],[8.579132078999976,11.867371559000162],[8.588540078000108,11.87559509200014],[8.599181176,11.886823653000079],[8.602437974,11.901796342000182],[8.604633332000105,11.914454460000172],[8.604736329000048,11.91579914100015],[8.605017662000137,11.915607452000188],[8.621302605000096,11.904484748000016],[8.628832818000092,11.898223877000078],[8.635807037000063,11.890114785000037],[8.649360657000102,11.881226541000046],[8.66227912800008,11.873276711000074],[8.672104836000187,11.86874771100014],[8.678611756000123,11.860956191000128],[8.686784744000136,11.852947236000091],[8.697168350000027,11.839185716000145],[8.704527855000151,11.827703476000067],[8.716773034000141,11.817424774000131],[8.743863106,11.806357385000013],[8.772109032000117,11.801308631000097],[8.789409638,11.795462609000083],[8.796036721000064,11.793908119000093],[8.796887398000024,11.792922020000105],[8.794657706000066,11.787658691000104],[8.789640426000119,11.779990197000132],[8.786066056000095,11.775800706000155],[8.781402588000105,11.770904541000107],[8.777089118000049,11.764628410000171],[8.772204399000088,11.759499550000157],[8.767631530000187,11.75229835500005],[8.762240410000175,11.74947357200017],[8.758834840000134,11.748521805000053],[8.753027916000178,11.745693207000102],[8.745722771000146,11.742392540000139],[8.74070358299997,11.738648415000057],[8.736385346000191,11.736298562000059],[8.730527878000146,11.732549667000114],[8.726860999000053,11.726505281000016]]]]}},
{"type":"Feature","properties":{"fid":10,"GID_2":"NGA.20.10_1","GID_0":"NGA","COUNTRY":"Nigeria","GID_1":"NGA.20_1","NAME_1":"Kano","NL_NAME_1":"NA","NAME_2":"Dawakin Tofa","VARNAME_2":"NA","NL_NAME_2":"NA","TYPE_2":"Local Authority","ENGTYPE_2":"Local Authority","CC_2":"NA","HASC_2":"NA"},"geometry":{"type":"MultiPolygon","coordinates":[[[[8.216247560000113,12.094362259000036],[8.214174270000171,12.097374917000081],[8.208548546000088,12.097307206000039],[8.198515892000103,12.110790253000175],[8.192111969,12.116247177000162],[8.186251639000091,12.116173745000083],[8.180541039000104,12.138933182000017],[8.173826217000169,12.149690628000144],[8.16966533700014,12.162322045000167],[8.168855667000116,12.166727067000124],[8.172677992999979,12.164662362000058],[8.18915367000011,12.159791947000087],[8.190562249000038,12.159578324000051],[8.202082634000135,12.156949996000037],[8.216963768000028,12.148829461000048],[8.2326259620001,12.134950638000021],[8.246361733000185,12.124973298000157],[8.260631562000015,12.126759529000083],[8.267336846000092,12.133298873000058],[8.274414063000052,12.139151574000152],[8.27805805100013,12.142885209000099],[8.290519715000016,12.151350021000042],[8.301183700000138,12.159555436000119],[8.314934731000051,12.163657188000059],[8.3281526560001,12.161763192000024],[8.336235047000116,12.161872864000031],[8.342587470000012,12.166567801999975],[8.344414711000127,12.168891906000113],[8.34831714600017,12.175168992000067],[8.353098870000053,12.180070877],[8.368923187000064,12.188118934000045],[8.375543594000135,12.196039200000087],[8.384202003000041,12.205371858000092],[8.391720772000156,12.213536263000151],[8.399926187000062,12.222399711000037],[8.410136223000166,12.23037242900017],[8.418492317000187,12.233941079000033],[8.426454545000126,12.225294114000178],[8.433504105000054,12.215484619000051],[8.445102691000159,12.210112572000128],[8.448553085000185,12.216148377000081],[8.448849677000055,12.221448899000052],[8.453182220000144,12.226346970000066],[8.455522537000036,12.233288766000157],[8.460988045000022,12.238890648],[8.465361595000047,12.246784211000033],[8.465354920000095,12.247084617000041],[8.472553253000171,12.247342109000044],[8.478386879000027,12.247192382000151],[8.484004974000072,12.247496604000105],[8.490229606000185,12.242973327000016],[8.492859841000097,12.238404273000185],[8.495473862000097,12.232678414000077],[8.496150971000077,12.228973389000032],[8.493561745000079,12.224128724000025],[8.491129875000127,12.210504533000119],[8.490539550000051,12.200360298000021],[8.489445687000057,12.186060905000033],[8.490154267000037,12.172251701000164],[8.487339973000076,12.163458824000145],[8.488965034000159,12.151041984000074],[8.486623764000058,12.144100189000085],[8.486972808000189,12.136734009000065],[8.486195564000184,12.129120827],[8.486116407999987,12.123359680000021],[8.487195969000084,12.120379448],[8.487871170000062,12.120389938000187],[8.487510681000174,12.117151261000174],[8.487358094000058,12.115775108999969],[8.47378254,12.10821914800016],[8.464700699000048,12.100723266999978],[8.455397606000133,12.093455316000018],[8.444971085000077,12.086175920000073],[8.442163468000047,12.077842712000177],[8.43326282400011,12.067357063000088],[8.429579734000185,12.060626985000113],[8.423909188000152,12.056403160000116],[8.421803474000171,12.050153732000126],[8.41858959200016,12.045043945000032],[8.412210465000044,12.038272857999971],[8.410339355000076,12.032720565000034],[8.404686927000114,12.029650688000117],[8.399903298000027,12.024747849000107],[8.400031089000038,12.017837525000175],[8.401569366000047,12.015323640000076],[8.402640341999984,12.011654855000188],[8.403045655000028,12.008434297000179],[8.404130936000058,12.005685806000031],[8.405862808000165,12.00109958600018],[8.406049729000074,11.998337746000118],[8.406031608000092,11.996958732000053],[8.406441689000189,11.994198800000163],[8.407317161000151,11.992596627000182],[8.409576416000107,11.980382920000068],[8.408626557000161,11.976449013000092],[8.406617165000171,11.974389076000136],[8.405677796000134,11.974164963000135],[8.404180526000061,11.976660728000127],[8.398142816000188,11.978420258000085],[8.387281417000111,11.988409996000087],[8.380824089000157,11.992238998000175],[8.3748283380001,11.996994973000142],[8.37153244100017,12.002245904000176],[8.361759186000029,12.009719849000135],[8.35733318299998,12.014496803000156],[8.345311165000055,12.021702766000146],[8.335316659000171,12.029632568000068],[8.324869155000101,12.037092209999969],[8.320634841000071,12.039339064999979],[8.311511039000095,12.045204162000061],[8.299059868000086,12.054021836000118],[8.291767121000021,12.062444688000141],[8.281962394000118,12.067609787000038],[8.269963264000125,12.076663016999987],[8.254801751000059,12.084288597000182],[8.239598274,12.08869171200007],[8.216247560000113,12.094362259000036]]]]}},
{"type":"Feature","properties":{"fid":11,"GID_2":"NGA.20.11_1","GID_0":"NGA","COUNTRY":"Nigeria","GID_1":"NGA.20_1","NAME_1":"Kano","NL_NAME_1":"NA","NAME_2":"Doguwa","VARNAME_2":"NA","NL_NAME_2":"NA","TYPE_2":"Local Authority","ENGTYPE_2":"Local Authority","CC_2":"NA","HASC_2":"NA"},"geometry":{"type":"MultiPolygon","coordinates":[[[[8.731818199000031,10.96268653900006],[8.730831145000082,10.954470634000188],[8.733305931000018,10.891864778000183],[8.737223625000183,10.844479562000117],[8.744515419000095,10.812807083000109],[8.762499809000076,10.78681755000008],[8.784408569,10.766647340000077],[8.789421081000171,10.761483193000117],[8.806897162000098,10.743489265000051],[8.819338798000103,10.716958047000048],[8.820596694000074,10.684963227000082],[8.812672615,10.652833939],[8.799104690000149,10.623385429000052],[8.780443192000121,10.594550133000041],[8.769293785000173,10.580336570000043],[8.757191658000067,10.558047295000108],[8.745594977000053,10.550274849000061],[8.741278648000048,10.549092293000115],[8.724269868000135,10.544431687000156],[8.675842286000147,10.554770469000061],[8.65639209700015,10.565997123000102],[8.64993572200018,10.57142829999998],[8.639609335999978,10.584632874000079],[8.625824927000167,10.600088120000066],[8.618086815000083,10.615406036000024],[8.573536872000034,10.625569344000041],[8.545900345,10.62815284800007],[8.522908210000026,10.627873420000071],[8.504676818000064,10.630937576000122],[8.487415314000032,10.648104668000144],[8.483137131000149,10.662851334000095],[8.481723785000099,10.667684555000051],[8.477734565000048,10.681286813000042],[8.486679077000133,10.693846704000123],[8.497190475000139,10.699720384000102],[8.524330138999971,10.701363564000189],[8.543969154000024,10.709172249000119],[8.555665970000064,10.726843835000182],[8.558963776000041,10.754369735000012],[8.550667763000149,10.790567398000178],[8.545535087000189,10.820095062000121],[8.539498329000025,10.85099983300006],[8.540727615000151,10.874578475000135],[8.547657012000172,10.897518158000082],[8.555759429000034,10.929479600000093],[8.564039230000105,10.94758129100012],[8.572100640000087,10.968450546000099],[8.57012176500001,10.988072396000064],[8.569760323000139,11.012331010000139],[8.565952302000085,11.030316353000103],[8.549867630000108,11.057201385000042],[8.537888527000064,11.084815026000115],[8.522721291000096,11.113784789000022],[8.511805534000132,11.127877235000028],[8.507972716999973,11.132824899000127],[8.487054825000087,11.146566391000022],[8.487225533000014,11.146841048000113],[8.495911596999974,11.152467726999987],[8.501861573000099,11.158299445000068],[8.512851716000171,11.169721603000085],[8.520850181000185,11.174188615000048],[8.526796342000011,11.178634643],[8.534118652000132,11.186095238000121],[8.54372596800016,11.193579673000045],[8.551054954000108,11.202656746000173],[8.556315422000125,11.206865311000115],[8.563640594000162,11.213864326000021],[8.57392215800013,11.219507218000103],[8.58695221,11.227716446000045],[8.601114272000075,11.234324455000149],[8.609095573000104,11.233938217000173],[8.616596222000169,11.227778436000051],[8.620669366000186,11.219043732000102],[8.621781350000163,11.211203573999967],[8.622886657000038,11.201977730000124],[8.622647286000074,11.198743820000061],[8.624205589000098,11.188599587000112],[8.627568244000088,11.172927856000115],[8.629357338000148,11.162788391000049],[8.62931823800011,11.15262794500012],[8.629058839000038,11.144081116],[8.629270554000072,11.139696121000043],[8.629249573000038,11.134153365999964],[8.628993033000086,11.126071930000137],[8.62851619800017,11.120754243000022],[8.62826061200019,11.11313056900002],[8.630741120000039,11.105537415000072],[8.632555008000054,11.102553368000031],[8.634594918000062,11.098649025000157],[8.640955924000025,11.092245102000106],[8.652100563000147,11.084272383999973],[8.663935661000096,11.078615189000061],[8.667339325000114,11.073569297],[8.670497893000174,11.064364433000094],[8.672742843000094,11.054689408000115],[8.673583985000107,11.035992622000151],[8.673530578,11.021215439000059],[8.677839280000171,11.014329911000061],[8.685335158999976,11.006320954000046],[8.695566177999979,10.998339652000141],[8.69921302900002,10.997452736000071],[8.70422744800004,10.997040749],[8.710152626000024,10.995714189000068],[8.715367318,10.987913131000084],[8.716705323000156,10.979384422000123],[8.724880219000113,10.969765663000146],[8.729194641000049,10.965419769000107],[8.731818199000031,10.96268653900006]]]]}},
{"type":"Feature","properties":{"fid":12,"GID_2":"NGA.20.12_1","GID_0":"NGA","COUNTRY":"Nigeria","GID_1":"NGA.20_1","NAME_1":"Kano","NL_NAME_1":"NA","NAME_2":"Fagge","VARNAME_2":"NA","NL_NAME_2":"NA","TYPE_2":"Local Authority","ENGTYPE_2":"Local Authority","CC_2":"NA","HASC_2":"NA"},"geometry":{"type":"MultiPolygon","coordinates":[[[[8.566106796000099,12.01142215700014],[8.569799424000109,12.006425858000171],[8.577689170999975,12.000920295000185],[8.578083993000121,11.992129325000064],[8.580752373000109,11.988208771000018],[8.581399918000159,11.978492736000021],[8.577917100000093,11.975232124000058],[8.578171729000132,11.974308968000059],[8.57706737500007,11.9701328270001],[8.577590942000143,11.966345787000137],[8.571475982999971,11.966164589000073],[8.562168122000173,11.961162567000088],[8.561415672000066,11.96124267600004],[8.54517078300006,11.959056855000085],[8.538082123000095,11.959479333000047],[8.531868935000091,11.963605881000092],[8.532427788000064,11.971940994000079],[8.527470589000131,11.971908570000039],[8.526258469000027,11.986714364000136],[8.526907920000042,11.988106727000115],[8.530800818999978,11.996463776000155],[8.536379813999986,12.001127243999974],[8.540502549000166,12.008096696000052],[8.54983806600012,12.013940812000044],[8.549947739000061,12.014112473000125],[8.56097221300007,12.011695862000124],[8.566106796000099,12.01142215700014]]]]}},
{"type":"Feature","properties":{"fid":13,"GID_2":"NGA.20.13_1","GID_0":"NGA","COUNTRY":"Nigeria","GID_1":"NGA.20_1","NAME_1":"Kano","NL_NAME_1":"NA","NAME_2":"Gabasawa","VARNAME_2":"NA","NL_NAME_2":"NA","TYPE_2":"Local Authority","ENGTYPE_2":"Local Authority","CC_2":"NA","HASC_2":"NA"},"geometry":{"type":"MultiPolygon","coordinates":[[[[8.794342041000164,12.290425301000141],[8.803066253000111,12.286083222000116],[8.813525200000129,12.286399842000037],[8.827201844,12.286911011000143],[8.841805458000067,12.283769609000103],[8.858315467000182,12.279751778000104],[8.87530613000007,12.278038025000171],[8.890970229,12.277211189000127],[8.904564857000082,12.273006439000028],[8.90888595600012,12.27167034200005],[8.920867920000092,12.268307687000117],[8.927763939000045,12.26397800400008],[8.935700418000067,12.255495071000098],[8.941516876000094,12.238673211000048],[8.946474075000026,12.213524819000099],[8.948751449000156,12.208718300000044],[8.947382927999968,12.119597436000163],[8.941957474000162,12.11247539500016],[8.928378105000036,12.097564698000042],[8.923214913000038,12.083188057000029],[8.919800758000065,12.070213319000175],[8.925551415000086,12.064024925000069],[8.937533379000115,12.060661317000097],[8.946449279000092,12.058646202000091],[8.946418762000121,12.056795120000061],[8.946351052000068,12.042288780999968],[8.934950828000012,12.038198471000157],[8.930075644000055,12.037226676000103],[8.923883439000122,12.035091401000102],[8.919418335000159,12.033894540000119],[8.917717933000176,12.029491424000128],[8.915844917000072,12.02577590900006],[8.911955832999979,12.027589799000054],[8.904072761,12.025206565000076],[8.900680542000089,12.024481774000037],[8.896624564000035,12.019129753000129],[8.892874718000144,12.015631676000169],[8.88964557700001,12.01005745000009],[8.886427879000053,12.008642197000142],[8.883702279000147,12.004690171],[8.880940437000049,12.000044824000156],[8.87748909000004,11.994237899000098],[8.872841835000031,11.985648156000025],[8.864562034000187,11.983721734000142],[8.859703064000144,11.982986450000055],[8.853694915000119,11.980386735000138],[8.847343445000035,11.975246429000094],[8.843198776000065,11.97220516200008],[8.838747977000139,11.967311860000052],[8.836269379000044,11.96405697],[8.835538864000057,11.961106301000029],[8.829743385000086,11.962277412000049],[8.829259873000069,11.962374688000068],[8.825873374000082,11.963636398000062],[8.824522018000152,11.963948250000101],[8.820770264999965,11.964373589],[8.81682300500006,11.965029718000039],[8.812923432000105,11.966611862000036],[8.809786797000186,11.970740318000026],[8.806860923000045,11.974869729000034],[8.803548813000077,11.983616829000084],[8.801693916000147,11.992144586000165],[8.802502631000038,11.99954319],[8.804773330000046,12.002799988],[8.811803817000055,12.004944801000136],[8.824466705000134,11.998595238000121],[8.821466445000056,12.005266191000032],[8.815696717000151,12.015144349000082],[8.810121536000054,12.036573410000074],[8.804240227000093,12.052226066],[8.795952797000041,12.06600761500016],[8.790328026000168,12.066647530000068],[8.783675194000182,12.067740441000183],[8.776425362,12.081300736000117],[8.767773629000146,12.091449737000062],[8.760691642000097,12.101852416999975],[8.761548997000091,12.118836403000159],[8.759140014000138,12.129332542000043],[8.751408577,12.136737824000079],[8.729909897000084,12.142478943000015],[8.721511841000108,12.140238763000127],[8.715378761000181,12.138793945000145],[8.707802773000026,12.14013385800007],[8.702333450000026,12.142416],[8.700377463000109,12.146107673000074],[8.698248863000174,12.159282685000051],[8.699106216000132,12.164149284000075],[8.698147774000063,12.177799226000104],[8.701500893000116,12.188235282000051],[8.69942188300007,12.211599350000029],[8.696297645000016,12.22778129500017],[8.697981834000018,12.238901139000063],[8.701102257,12.262067795],[8.716723442000159,12.259617805000175],[8.724917411000149,12.263372421000156],[8.73883628800013,12.263688088000038],[8.752017975000172,12.265621186000146],[8.76510715400002,12.272647858000141],[8.77822113100018,12.278282166],[8.786582948000046,12.285740853000107],[8.794342041000164,12.290425301000141]]]]}},
{"type":"Feature","properties":{"fid":14,"GID_2":"NGA.20.14_1","GID_0":"NGA","COUNTRY":"Nigeria","GID_1":"NGA.20_1","NAME_1":"Kano","NL_NAME_1":"NA","NAME_2":"Garko","VARNAME_2":"NA","NL_NAME_2":"NA","TYPE_2":"Local Authority","ENGTYPE_2":"Local Authority","CC_2":"NA","HASC_2":"NA"},"geometry":{"type":"MultiPolygon","coordinates":[[[[8.900770188000081,11.607880592000129],[8.903500557000086,11.606061935000014],[8.908502577999968,11.602415086000178],[8.913501740000072,11.597152710000159],[8.918729782000128,11.592818261000104],[8.92236709600013,11.589851380000027],[8.925779343000158,11.587575913000137],[8.931695938000189,11.58371067000013],[8.938522340000134,11.579620361000025],[8.942620277000174,11.577812196000082],[8.949673653000048,11.573725701000058],[8.953774452000175,11.572381019000034],[8.956233025000131,11.57190704400017],[8.956278802000099,11.568517685000131],[8.963891029000138,11.567671776],[8.966060638000158,11.564880372000175],[8.968339920000062,11.564212799000074],[8.970488548000048,11.563489914000058],[8.970519067000168,11.566621781000094],[8.994362832000093,11.560656547000178],[8.995179177000068,11.55331421000011],[9.000892640000188,11.501895906000073],[8.969950675,11.503717423000069],[8.966199875000029,11.503938673999983],[8.964260101000093,11.509215356000141],[8.96335983400013,11.512900352000031],[8.960636139000087,11.516799927000022],[8.956900596000025,11.522555351000165],[8.955424309000023,11.524828911000156],[8.950881959000014,11.530325890000142],[8.946110726000086,11.535128593000081],[8.942481041,11.539941788000135],[8.938617707000105,11.543829918000142],[8.931792260000179,11.548151971000095],[8.925428391000025,11.553860664000183],[8.920194626000182,11.557272911000155],[8.914962769000113,11.560221672000182],[8.910856246000037,11.559952736000128],[8.905379295000103,11.558973312999967],[8.897626876000061,11.559127808000085],[8.889636994000114,11.55696868900003],[8.883700370999975,11.554603576000034],[8.877530097000147,11.551077843000087],[8.870223045000046,11.548465728000053],[8.862690926000084,11.546315193000169],[8.857199669000067,11.542334556000071],[8.850329400000135,11.533954621000078],[8.846194266000111,11.526063919000023],[8.841830254000172,11.517478943000071],[8.84498214700011,11.506424903000095],[8.84382152500018,11.501100541000085],[8.842429162000144,11.494391442],[8.842636109000125,11.488853455000026],[8.838286400000015,11.483960153000169],[8.834855080000182,11.481618881000031],[8.830287933000022,11.479031562000102],[8.825252532000036,11.474824905000105],[8.822718621000092,11.467642783000088],[8.818126678,11.458823205000044],[8.813995362000128,11.451627733000123],[8.810542106000071,11.442585946000122],[8.80705738,11.425234796000154],[8.80702686300009,11.417382241000098],[8.803359985999975,11.412728310000091],[8.797643661000166,11.408515930000078],[8.792374611000128,11.401536941000018],[8.78940010000008,11.399198533000174],[8.781882285000052,11.400738716000149],[8.775946617000102,11.39906597200013],[8.771150589000115,11.397399902000132],[8.768181800999969,11.395986558000061],[8.765421866000167,11.389493942000058],[8.760387420000143,11.385057449000044],[8.757412911000131,11.382024766000029],[8.756924627999979,11.381620407000071],[8.754008294000073,11.386381150000034],[8.751063346000137,11.391892434000056],[8.74859237700008,11.402261734000035],[8.743382454000027,11.411907196000186],[8.736119271000121,11.421071053000162],[8.730004311000073,11.432326316000172],[8.726849556000047,11.442916870000147],[8.724137307000092,11.449587822000012],[8.721179008000036,11.451403617000096],[8.720918656000151,11.457241057999966],[8.720547676000024,11.465482712000153],[8.721249581000109,11.470569610000041],[8.721718788000089,11.473808289000033],[8.721718788000089,11.474039078000033],[8.724244117000069,11.478450775000113],[8.725646020000113,11.487469673000078],[8.725675584000101,11.495783807],[8.725711823000154,11.505711555000062],[8.726675988000068,11.519805908000137],[8.726255416000129,11.529039383],[8.725385664999976,11.540805817000148],[8.724527360000138,11.555343628000116],[8.723682403000112,11.573579788000188],[8.723079682000048,11.595740318000026],[8.723015784000097,11.61028766700008],[8.723832130000176,11.617394448000027],[8.724958420000064,11.627168655999981],[8.727581023000084,11.633199691000129],[8.724652291000098,11.641256333000058],[8.724665641000115,11.641489029000127],[8.726721763000057,11.652592660000039],[8.728838919999987,11.657000542000048],[8.728750228000138,11.663235664000069],[8.727117539000119,11.672001839000018],[8.726520538000045,11.680541992000087],[8.726210594000122,11.688224792000028],[8.726306916000112,11.688390732000073],[8.728155135000179,11.691643715],[8.732138633999966,11.695607186000132],[8.736701965000179,11.698652267999989],[8.740143777000014,11.700302125000178],[8.744378090000168,11.697107316000086],[8.747797012999968,11.694367410000041],[8.750735283000097,11.690469742000118],[8.752698898000119,11.687945366000179],[8.755118371000037,11.686119081000129],[8.758485794000023,11.686381341000185],[8.761460303000035,11.687101364000171],[8.76314926200007,11.687350274000153],[8.766863824000097,11.686230659000159],[8.770372391000024,11.681180000000154],[8.773555755000189,11.678441047999968],[8.777191163000055,11.675012588000186],[8.779920578000031,11.673421861000122],[8.784009934000153,11.669077873000049],[8.78786659300016,11.663804055000128],[8.789688111000032,11.662667274000114],[8.790598869000064,11.662675857000067],[8.793558120000057,11.661089898000171],[8.797664642000029,11.661360741000124],[8.80199909300012,11.662556649000123],[8.808617593000065,11.663315773000079],[8.81112289500004,11.662878990000081],[8.813856126000132,11.661749839000151],[8.81635284500004,11.658772469000041],[8.818851470000141,11.65602970100008],[8.82066822000013,11.65350532500014],[8.822933196000179,11.649830818000112],[8.824973107000119,11.646157266000102],[8.826785087000076,11.643173218000129],[8.828149796000105,11.642033577000063],[8.830874443000027,11.638363838000089],[8.832481384000062,11.641152381000154],[8.833636283000146,11.645088196000131],[8.833649636000075,11.649245263000068],[8.834810258000175,11.654335976000027],[8.83619117700016,11.658044815000039],[8.839630126000031,11.663621902000045],[8.840318681000042,11.664089203000117],[8.843055724000124,11.66457653100008],[8.8455629340001,11.663448334000122],[8.847819327000025,11.657467843000063],[8.850082398000097,11.65310096800016],[8.850975990000165,11.64756965700019],[8.851420403000077,11.64457035099997],[8.85231590300009,11.640192031000083],[8.854131698000117,11.63767147100009],[8.856848718000037,11.632386208000014],[8.857973098000173,11.628703118000146],[8.857743262000156,11.627314567999974],[8.85908317500008,11.619939805000058],[8.85997772200011,11.615098953000086],[8.859959601000128,11.610481262],[8.860851288000106,11.604484558000024],[8.862202644000035,11.600113868000051],[8.863107681000031,11.597811699999966],[8.865157127000145,11.597369195000056],[8.869712830000026,11.596029282000131],[8.874957084000187,11.595851897999978],[8.87792873300009,11.597726822000084],[8.882046699000114,11.601229667999974],[8.888446808000026,11.605681419000177],[8.894153596000081,11.607122422000145],[8.900770188000081,11.607880592000129]]]]}},
{"type":"Feature","properties":{"fid":15,"GID_2":"NGA.20.15_1","GID_0":"NGA","COUNTRY":"Nigeria","GID_1":"NGA.20_1","NAME_1":"Kano","NL_NAME_1":"NA","NAME_2":"Garum Mallam","VARNAME_2":"NA","NL_NAME_2":"NA","TYPE_2":"Local Authority","ENGTYPE_2":"Local Authority","CC_2":"NA","HASC_2":"NA"},"geometry":{"type":"MultiPolygon","coordinates":[[[[8.398803712000188,11.560416223000175],[8.397525787,11.560666085000094],[8.396994592000055,11.56203079300019],[8.396585465000044,11.562707901000067],[8.391743660999964,11.566963195000085],[8.388878821999981,11.568279267000094],[8.386173248000148,11.568681718000107],[8.38136005399997,11.57110500400006],[8.379954338,11.572448732],[8.376995087000068,11.57261562400015],[8.374487877000092,11.571874620000131],[8.371863364000092,11.571820260000095],[8.365676879999967,11.575824738000108],[8.362588882000068,11.576962471],[8.35737419100019,11.578087806000156],[8.355714798000122,11.578538895000065],[8.351680756000121,11.579671860000076],[8.347859382000138,11.582193376000191],[8.345951079999963,11.58333873700019],[8.344278336000116,11.584487916000171],[8.341201782000098,11.584930419000102],[8.339034081000079,11.587229729000057],[8.33776187899997,11.592313768000167],[8.336997033000102,11.595550537],[8.334577560000014,11.598775863000071],[8.334565162000104,11.599469185000089],[8.332151413000133,11.602462768000066],[8.329221726000071,11.607769012000176],[8.326541901000155,11.612381936000077],[8.322686195000131,11.616752625000117],[8.318401337000182,11.618811607000168],[8.315518379000025,11.621571541000094],[8.312406541000144,11.623867036000036],[8.309516908000035,11.62708664000013],[8.307844162000038,11.628235816000029],[8.306151390000139,11.630539894000037],[8.30423164299998,11.63214683700005],[8.303485870000031,11.634224892000134],[8.301996231000146,11.638381959000071],[8.301027298000179,11.639765738999984],[8.299774169000159,11.643692970000131],[8.297355653000068,11.646918297000127],[8.29540920200003,11.650144578000152],[8.29460906900016,11.655232429000023],[8.294281006000119,11.660321237000062],[8.29342937399997,11.668187141000033],[8.292421342000068,11.671652793000078],[8.290240287000188,11.674878121000177],[8.288318634000063,11.676717758000052],[8.28613472,11.679946899000129],[8.285330772000123,11.685261725999965],[8.285722733000114,11.689662934000182],[8.285822867999968,11.697070122000014],[8.286270141000159,11.698459626000044],[8.283136367,11.702145577000124],[8.281408311,11.704003334000106],[8.2838058480001,11.704231262000121],[8.288736343999972,11.705651284],[8.29082584400004,11.707517624000104],[8.293400765,11.70868873600017],[8.297877312000139,11.709181786000102],[8.297872542000107,11.709411622000118],[8.299753190000104,11.709885597000152],[8.304688454000029,11.711075783000069],[8.310779572000058,11.713427543000137],[8.315231323000091,11.715306281000153],[8.318978309000158,11.716949463000049],[8.325325011000189,11.718378067000117],[8.33189392100013,11.720501900000045],[8.33746624000014,11.725627900000177],[8.342604638000012,11.728436471000123],[8.347943306000161,11.73356056200015],[8.350490570000034,11.736123084000099],[8.356055259000129,11.741711616000089],[8.35625267000006,11.743018150000012],[8.358388900000023,11.743116379000071],[8.366437912000038,11.741774559000078],[8.369277953000108,11.741331101000128],[8.373544693000042,11.740430833000062],[8.376386642000057,11.739755632000083],[8.379244805000042,11.738384247000056],[8.381627082000023,11.737241746000109],[8.38406086100008,11.733092309000028],[8.385033607000082,11.73147773900007],[8.383967399000142,11.725219726000148],[8.384000777999972,11.723368644000118],[8.38531589500019,11.715972900000168],[8.387714387000017,11.713904381000134],[8.392468452000173,11.712082863000091],[8.395333289000178,11.710247994000042],[8.400252342000101,11.712361336000129],[8.405172348000065,11.714243889000159],[8.412240029000145,11.714982033000126],[8.416754723000111,11.713389396000082],[8.420339584000033,11.710865975000104],[8.422046661000138,11.707865715000025],[8.424931525999966,11.704875947000062],[8.427330016000042,11.702809333000175],[8.431152343000178,11.700285912000027],[8.433105469000111,11.696825982000064],[8.433902741,11.695482255000172],[8.432897567000168,11.695203782000135],[8.42472267100004,11.690526962000092],[8.422454835000167,11.685419083000113],[8.421126365000021,11.680550574999984],[8.417482377000113,11.67335415000008],[8.417991638000046,11.671273232000033],[8.417263032,11.672426224000048],[8.413586617000021,11.66684913600011],[8.413101197000174,11.654578210000182],[8.419288634000111,11.647794723000118],[8.426967621000131,11.644058228000176],[8.435468675000095,11.638963699000101],[8.436250686000051,11.637832641000102],[8.44268226600019,11.634526253000104],[8.440148354000144,11.630576133000091],[8.441180230000043,11.624636650000127],[8.444720268000026,11.619436264000058],[8.447609901000135,11.616286278000189],[8.452569008000182,11.611347199000022],[8.451957703000176,11.608124734000114],[8.454487801000084,11.601986886000134],[8.45504379200014,11.598787308000055],[8.458862304000093,11.59198761],[8.459006310000063,11.589469910000048],[8.459258080000154,11.589701653000134],[8.459402084000146,11.582139969000139],[8.460062980000146,11.576649666000151],[8.460930825000048,11.570199967],[8.461548805000064,11.566044807000139],[8.461722375000022,11.56543636300006],[8.459254263999981,11.566254615999981],[8.456701280000175,11.565539361000049],[8.454738618000135,11.564134597000191],[8.450952530000052,11.559941293000122],[8.44697380100007,11.557573320000074],[8.439508439,11.556730270000116],[8.433882713000116,11.557069779000074],[8.427781105000122,11.560153008000157],[8.423284531000036,11.560746193000114],[8.418127060000074,11.561784745000068],[8.411877632000085,11.562340736000181],[8.407382966000171,11.562935829000139],[8.403204917999972,11.561700821000045],[8.399647714000025,11.560249328000168],[8.398803712000188,11.560416223000175]]]]}},
{"type":"Feature","properties":{"fid":16,"GID_2":"NGA.20.16_1","GID_0":"NGA","COUNTRY":"Nigeria","GID_1":"NGA.20_1","NAME_1":"Kano","NL_NAME_1":"NA","NAME_2":"Gaya","VARNAME_2":"NA","NL_NAME_2":"NA","TYPE_2":"Local Authority","ENGTYPE_2":"Local Authority","CC_2":"NA","HASC_2":"NA"},"geometry":{"type":"MultiPolygon","coordinates":[[[[9.192190169000071,11.868643761000044],[9.189791679000052,11.843978883000148],[9.164560317000166,11.805678368000088],[9.135535240000138,11.769334793000098],[9.127559661000078,11.736012459000108],[9.130711556000165,11.704882622000184],[9.132455824999965,11.702877045999969],[9.169768334000025,11.703778268000121],[9.162714005000169,11.694052697000018],[9.154823303000057,11.688516618],[9.143954277000148,11.684292793],[9.134076119000099,11.679858207999985],[9.121231079000097,11.674925804000111],[9.109850883000149,11.673631668000155],[9.093999863000136,11.67453193800003],[9.077663422000171,11.674066544000084],[9.066520691000051,11.673910141000022],[9.051155090000123,11.675730706000081],[9.042234420000113,11.676509858000088],[9.034814835000191,11.674599648000139],[9.024429321000127,11.671744347000015],[9.008603096000058,11.667460442000049],[9.001169205000053,11.668259621],[8.991030692999971,11.665410996000105],[8.981630325000083,11.663922311000135],[8.971378327000025,11.662259103],[8.970988273999978,11.662195205000046],[8.965783120000083,11.661216736000029],[8.961155891000146,11.668981553000037],[8.957324981000056,11.67742443100019],[8.95714283000018,11.677829742000029],[8.954784392000079,11.679151535000074],[8.953712464000034,11.679753303000098],[8.949839593000149,11.680638314000078],[8.945280074000095,11.680825233000178],[8.940492630000108,11.681699754000135],[8.937299728000028,11.6812067030001],[8.935471535000033,11.680496215000119],[8.932955742000161,11.678393364000158],[8.930669785000134,11.676985740000191],[8.927774429000181,11.673308373000111],[8.926330566,11.675327300000106],[8.924516679000135,11.678079604000118],[8.921786308000037,11.67966938100011],[8.919281959000045,11.680566788000021],[8.916320800000108,11.681693078000137],[8.912019730000054,11.690194130000066],[8.908162117000131,11.695236206000175],[8.902939797000045,11.701881409000123],[8.899767876000055,11.707161904000145],[8.897503853000046,11.711756707000063],[8.893877983000095,11.717955590000031],[8.892068863000134,11.721862793000128],[8.88956642100004,11.723456382999984],[8.88593959800005,11.729422570000111],[8.882536889000164,11.734701157000131],[8.878679276000128,11.739279747000069],[8.877774238000029,11.74111938600015],[8.874142646000109,11.746163369000101],[8.871185302000185,11.747982025000113],[8.866184235000048,11.752319336000085],[8.86120033200001,11.761046410000063],[8.857566834000124,11.765856741999983],[8.853939056000172,11.771133422000162],[8.848265648000051,11.778927803000158],[8.84897232100019,11.784709931],[8.850579262,11.78749465900006],[8.850807190000012,11.787496566000129],[8.853567124000108,11.794220924000115],[8.856315613000106,11.797249794000095],[8.859752654000147,11.801439285000072],[8.863417626000171,11.806095123000034],[8.865721703000133,11.812351226000089],[8.869162560000177,11.817926407000186],[8.87373828900013,11.822129249000113],[8.880148887000132,11.8286561970001],[8.885860443000183,11.832175255000152],[8.890894891000187,11.836152076000133],[8.893420219000063,11.841025352000088],[8.897093774000155,11.847990036000112],[8.900074959000165,11.852404595000053],[8.901907922000021,11.854731560000118],[8.905110359000048,11.857535363000068],[8.908772468000109,11.860802651000029],[8.909702302000142,11.865893365000034],[8.909255981000058,11.868197441000063],[8.909483909000073,11.868199348000132],[8.911315918000071,11.870065690000047],[8.910638809000091,11.872830390000161],[8.909054757000092,11.876046181000049],[8.907465935000118,11.877879144000133],[8.904279708,11.879463196000074],[8.901778221000086,11.881055833000119],[8.900107385000183,11.882735252000089],[8.90567493400016,11.886404991000063],[8.909561158000031,11.889675140000179],[8.912993431000018,11.892480851000073],[8.915965080000149,11.89481926000019],[8.922576905000028,11.894420624000077],[8.928273200000149,11.892630578000137],[8.933965684000043,11.890609741000162],[8.940564156000164,11.886285783000119],[8.945334434000131,11.881484033000049],[8.945601464000049,11.881133079000108],[8.945590019000065,11.878502846],[8.955595017000064,11.868206024000187],[8.959181786000102,11.860110284000029],[8.973052978000112,11.848142623000058],[8.97438430800014,11.846994399999971],[8.982552528000099,11.84755897600013],[8.985028267000189,11.847819328000014],[8.987999916000149,11.847860337000157],[8.999172210000097,11.84327221],[9.003881455000112,11.842435838000085],[9.011561392999965,11.841863632000184],[9.024186134000161,11.843167305000122],[9.032611847000169,11.841934205000086],[9.042764665000163,11.841405870000131],[9.046480179000127,11.841007234000017],[9.050922394000054,11.843557358000169],[9.054604530000063,11.848806381999964],[9.059535026000162,11.852717400000131],[9.069897651000019,11.858514787000104],[9.078294755000059,11.862253189000114],[9.084222793000094,11.864598274000116],[9.094120979000024,11.86587238400017],[9.09733676899998,11.866597176000084],[9.102540016000034,11.866671562000022],[9.109980582000162,11.864974022000126],[9.12063407900007,11.864903451000032],[9.130793572000016,11.865052223000077],[9.140922547000116,11.86519527500019],[9.1555624,11.866529465000099],[9.162077903000068,11.866621972000019],[9.180085182000084,11.867549897000174],[9.186106682000059,11.868310928000142],[9.191849708000063,11.868616105000115],[9.192190169000071,11.868643761000044]]]]}},
{"type":"Feature","properties":{"fid":17,"GID_2":"NGA.20.17_1","GID_0":"NGA","COUNTRY":"Nigeria","GID_1":"NGA.20_1","NAME_1":"Kano","NL_NAME_1":"NA","NAME_2":"Gezawa","VARNAME_2":"NA","NL_NAME_2":"NA","TYPE_2":"Local Authority","ENGTYPE_2":"Local Authority","CC_2":"NA","HASC_2":"NA"},"geometry":{"type":"MultiPolygon","coordinates":[[[[8.577590942000143,11.966345787000137],[8.57706737500007,11.9701328270001],[8.578171729000132,11.974308968000059],[8.577917100000093,11.975232124000058],[8.581399918000159,11.978492736000021],[8.580752373000109,11.988208771000018],[8.578083993000121,11.992129325000064],[8.577689170999975,12.000920295000185],[8.569799424000109,12.006425858000171],[8.566106796000099,12.01142215700014],[8.568769456000155,12.011281012999973],[8.573698044000082,12.012701034000145],[8.585166932000106,12.018095970000161],[8.593598365000048,12.021618842000123],[8.600125313000092,12.026057243000082],[8.612562181000044,12.030068398000083],[8.621689796000055,12.034291268000061],[8.631200789000161,12.043377877000069],[8.629611970000042,12.052854538000133],[8.631592749999982,12.060737610000103],[8.630734445000144,12.069064140000023],[8.63157653899998,12.075037956000131],[8.63388443000008,12.07764721000018],[8.634688377999964,12.085290908000047],[8.639506341000072,12.09295845000014],[8.647166251999977,12.099950790000094],[8.665142060000164,12.11093807300017],[8.675125122000168,12.120027543000106],[8.682078360999981,12.127013206000186],[8.688817979000021,12.132841111000175],[8.695305823000012,12.139362335000101],[8.700377463000109,12.146107673000074],[8.702333450000026,12.142416],[8.707802773000026,12.14013385800007],[8.715378761000181,12.138793945000145],[8.721511841000108,12.140238763000127],[8.729909897000084,12.142478943000015],[8.751408577,12.136737824000079],[8.759140014000138,12.129332542000043],[8.761548997000091,12.118836403000159],[8.760691642000097,12.101852416999975],[8.767773629000146,12.091449737000062],[8.776425362,12.081300736000117],[8.783675194000182,12.067740441000183],[8.790328026000168,12.066647530000068],[8.795952797000041,12.06600761500016],[8.804240227000093,12.052226066],[8.810121536000054,12.036573410000074],[8.815696717000151,12.015144349000082],[8.821466445000056,12.005266191000032],[8.824466705000134,11.998595238000121],[8.811803817000055,12.004944801000136],[8.804773330000046,12.002799988],[8.802502631000038,11.99954319],[8.801693916000147,11.992144586000165],[8.803548813000077,11.983616829000084],[8.806860923000045,11.974869729000034],[8.809786797000186,11.970740318000026],[8.812923432000105,11.966611862000036],[8.805828094999981,11.967237474000115],[8.792143821000025,11.966185570000107],[8.783002853000085,11.963792800000022],[8.773073197000031,11.95838737400004],[8.764204979000112,11.953222274999973],[8.7588281620001,11.946703912000032],[8.750885010000161,11.943166733000055],[8.735286712000061,11.945562363000022],[8.723770141999978,11.953768729999979],[8.720237731000054,11.96228408900015],[8.705549239999982,11.97251987400017],[8.695125580000138,11.976886749000073],[8.679499625000176,11.977475166000033],[8.662531852000029,11.972303391000139],[8.644927978000055,11.965744019000056],[8.636541367000063,11.960066794999989],[8.63369941600007,11.954503059999979],[8.620247841000037,11.951008796000053],[8.607024194000076,11.954630853000026],[8.594505310000045,11.95866871000004],[8.58594226800011,11.962321281000015],[8.581383705000121,11.966457367000146],[8.577590942000143,11.966345787000137]]]]}},
{"type":"Feature","properties":{"fid":18,"GID_2":"NGA.20.18_1","GID_0":"NGA","COUNTRY":"Nigeria","GID_1":"NGA.20_1","NAME_1":"Kano","NL_NAME_1":"NA","NAME_2":"Gwale","VARNAME_2":"NA","NL_NAME_2":"NA","TYPE_2":"Local Authority","ENGTYPE_2":"Local Authority","CC_2":"NA","HASC_2":"NA"},"geometry":{"type":"MultiPolygon","coordinates":[[[[8.430186272000071,11.974858284000049],[8.433346748000133,11.975443841000072],[8.4480590820001,11.977897644000166],[8.457007408999971,11.979110718000186],[8.464064597,11.980312347000051],[8.480798721000099,11.981572150999966],[8.489016534000143,11.983938217000173],[8.50050926199998,11.987942696000118],[8.50155925700011,11.988906861999965],[8.50474452900005,11.988664627999981],[8.511762620000127,11.988356591000183],[8.510038376000125,11.983142854],[8.507328034000011,11.976414681000108],[8.506217957000104,11.972472192000168],[8.503367424000032,11.965573311000185],[8.503053664000049,11.964816093000024],[8.489465713000129,11.959177971000031],[8.471838951000052,11.955131531000063],[8.450217246000136,11.950136185000076],[8.438689231000126,11.947984696000162],[8.433974267000053,11.946763039000075],[8.432866096000112,11.956741332000092],[8.432708740000066,11.959314347000088],[8.432316780000178,11.96575260200018],[8.430614472000173,11.972640992000095],[8.430186272000071,11.974858284000049]]]]}},
{"type":"Feature","properties":{"fid":19,"GID_2":"NGA.20.19_1","GID_0":"NGA","COUNTRY":"Nigeria","GID_1":"NGA.20_1","NAME_1":"Kano","NL_NAME_1":"NA","NAME_2":"Gwarzo","VARNAME_2":"NA","NL_NAME_2":"NA","TYPE_2":"Local Authority","ENGTYPE_2":"Local Authority","CC_2":"NA","HASC_2":"NA"},"geometry":{"type":"MultiPolygon","coordinates":[[[[8.02514171700011,11.932261467000103],[8.028533936000031,11.932797432000143],[8.03418636300006,11.930790901000137],[8.04121875800007,11.930646897000088],[8.045946122000089,11.927702904000171],[8.048325539000075,11.925197601000093],[8.054179191000173,11.925728799000126],[8.060063361000118,11.923957826000105],[8.067801476000056,11.923588753],[8.07791805300019,11.920945167000127],[8.084254265000084,11.920330048000096],[8.086606025000151,11.919667245000085],[8.092719079000062,11.918357849000074],[8.097163200000125,11.91887283300008],[8.101882935000106,11.916624070000069],[8.103076934000057,11.915023805000089],[8.105697632000158,11.912058831000081],[8.107162476000042,11.907923699000094],[8.1062707910001,11.904685975000064],[8.103729247000103,11.902119637000169],[8.102125167000054,11.899564742999985],[8.100748062000093,11.89747238200016],[8.098907471000132,11.89514255600011],[8.095895768000048,11.892569542000047],[8.090289115000076,11.891119957000114],[8.084207535000132,11.890352249000159],[8.080715178999981,11.888697624000145],[8.078859329000068,11.887290955000026],[8.07849693300011,11.885366440000041],[8.076278686000023,11.887490272000036],[8.075338364000174,11.887708665000105],[8.073708533000058,11.88699722400014],[8.070246696000083,11.883266449000075],[8.069123268,11.879795074000185],[8.068441391000022,11.878172875000189],[8.065899849,11.875605583000038],[8.063603402000183,11.872348785000042],[8.064340592000065,11.869821549000164],[8.062023163000106,11.867947579000031],[8.058115005,11.862599373000023],[8.058157922000078,11.859601975000146],[8.054909707000036,11.857256890000031],[8.050243378,11.855818748000047],[8.037630082000021,11.852666855000109],[8.029703141000027,11.849803926000106],[8.025769234000052,11.846297264000043],[8.022281646000181,11.844179153000027],[8.015503883000065,11.84294414500016],[8.006624222000141,11.840992928000105],[8.000807762000136,11.837924956999984],[7.999663831000078,11.836066247000019],[7.994578838000052,11.830930709000029],[7.991580010000064,11.827667236000082],[7.988105774000019,11.824628831000155],[7.981576921000112,11.822242737000067],[7.973171234000176,11.820066452000049],[7.964260102000026,11.820419312000126],[7.958199978000096,11.81803989500014],[7.940093994000165,11.805598259000135],[7.937804222000068,11.801882743000021],[7.932958125000141,11.796520234000127],[7.924853803000133,11.78950500500008],[7.921891212000048,11.783474923000142],[7.913293839000062,11.778296470000043],[7.903685093000092,11.778180122000037],[7.897591115000012,11.7783365250001],[7.890528202000155,11.780556679000085],[7.882993221000106,11.783002852999971],[7.878496170000062,11.786174774000187],[7.871850014000131,11.792090417000168],[7.860976219000065,11.798646927000163],[7.857674122000162,11.799155235000114],[7.859601975000032,11.812362671000074],[7.858976841000015,11.823659895999981],[7.862006188000123,11.841694831000154],[7.854496956000162,11.859142304000045],[7.853254795000169,11.862017631000185],[7.846263885000099,11.878192901000034],[7.841832159999967,11.893602371000156],[7.834340096,11.909895897000183],[7.828179835000071,11.914670945000069],[7.827805995,11.924587250000116],[7.830916881,11.934549332000131],[7.836555005000037,11.95260715600017],[7.838995934000138,11.962327004000031],[7.837446211999975,11.976621628000089],[7.836894989000143,11.984697342],[7.837570190000122,11.987070083000162],[7.840806007000083,11.987722396000038],[7.848295213000142,11.985036850000029],[7.862822056000141,11.983364105000135],[7.865674019000096,11.980632782000157],[7.869472980000126,11.977218629000049],[7.876596927000037,11.970617295000068],[7.881871224000122,11.962149620000105],[7.884494782000104,11.958953858000029],[7.891838073000088,11.953509331000134],[7.897020816000179,11.951497079000092],[7.900339127000052,11.949001312000064],[7.903269769000019,11.940505029000064],[7.904728890000058,11.936833382000145],[7.90999078700014,11.929286958000148],[7.912789821999979,11.930244446000131],[7.920014858000059,11.933099747000028],[7.929586887000085,11.935750008000184],[7.941012860000171,11.939809799000102],[7.954073907,11.944347381],[7.962471007999966,11.947216988000037],[7.97179222200009,11.951018333999968],[7.981610775000092,11.952750205000029],[7.988416194000138,11.952141762000053],[7.991725921000182,11.950106621000145],[7.992438792000087,11.949422837000043],[7.998802185000159,11.946964264000087],[8.003836631000183,11.938955306000025],[8.006446839000148,11.936679840000011],[8.009518623000076,11.934872627000175],[8.017551422000111,11.930359841000154],[8.022217750000038,11.93180084300019],[8.02514171700011,11.932261467000103]]]]}},
{"type":"Feature","properties":{"fid":20,"GID_2":"NGA.20.20_1","GID_0":"NGA","COUNTRY":"Nigeria","GID_1":"NGA.20_1","NAME_1":"Kano","NL_NAME_1":"NA","NAME_2":"Kabo","VARNAME_2":"NA","NL_NAME_2":"NA","TYPE_2":"Local Authority","ENGTYPE_2":"Local Authority","CC_2":"NA","HASC_2":"NA"},"geometry":{"type":"MultiPolygon","coordinates":[[[[8.133575439000083,11.965463638000074],[8.135650635000047,11.965117455000097],[8.135666847000152,11.964071273000059],[8.136157037000032,11.962462425000183],[8.137100219000047,11.962013244000048],[8.139484405000132,11.959273338000173],[8.145120622000093,11.958420753000041],[8.14888572600006,11.957312584000135],[8.153346061999969,11.956905365000068],[8.159385680000014,11.952838899000085],[8.168643952000082,11.940526962000035],[8.172396660000061,11.935969354000065],[8.178091049000045,11.925451278000025],[8.178519249000146,11.92407226600011],[8.180064202000153,11.922020913000154],[8.183553695000114,11.914695739000138],[8.187973022000108,11.909458161000032],[8.196439744000088,11.904966354000067],[8.200247765000142,11.904326439000158],[8.202026368000134,11.902967452000098],[8.210144044000117,11.905612946000133],[8.219694139000069,11.914495467999984],[8.223795891000179,11.918928147000031],[8.228552819000129,11.921986581000112],[8.237324715000113,11.923257828000089],[8.248940467000182,11.919037820000142],[8.253804207000087,11.913574219000054],[8.257509231000029,11.905563354000094],[8.261511803000133,11.886265755000068],[8.264271735000023,11.874786377000078],[8.262116432000141,11.864850999000112],[8.258063317000051,11.847747802000129],[8.256196977,11.842655181000055],[8.266242980000129,11.838645936000034],[8.271844865000105,11.837800026000025],[8.275411604999988,11.83600425700007],[8.280563354000037,11.835151672000109],[8.28746414200009,11.830868721000058],[8.293663025000058,11.82852840400011],[8.293940543000076,11.828424454000071],[8.290907861000164,11.824238778000108],[8.290737153000066,11.824002266999969],[8.291562081000109,11.823772431000179],[8.292303086000061,11.82356452900018],[8.286150933000044,11.817029953000088],[8.273894311000049,11.80718898900011],[8.2679729460001,11.801119805000098],[8.264821053,11.792402269000036],[8.260193824000055,11.790416718000131],[8.253816605000054,11.783880234000037],[8.249304771000141,11.782206536000103],[8.247748376000061,11.776132584000095],[8.247015954,11.775771142],[8.245415687000047,11.776856423000027],[8.242292405000114,11.778196335000018],[8.239162446000023,11.779303550000066],[8.238939286,11.779300690000184],[8.236033439000039,11.780185699000128],[8.233106612000086,11.779684068000108],[8.230625153000176,11.778729437999971],[8.220084190000136,11.779506684000182],[8.214899064000122,11.777825356000164],[8.210153579000121,11.775687217999973],[8.205652236000105,11.774703979000094],[8.202505111,11.774431229000072],[8.202051162000032,11.774195671000143],[8.201370240000188,11.773491860000092],[8.199997901000074,11.771632195000109],[8.198402404000092,11.769997596000167],[8.193437576000179,11.768088342000112],[8.189386367999987,11.767342567000128],[8.185381889000041,11.769823074999977],[8.182500839000056,11.772779464000109],[8.178751945000045,11.777566911000179],[8.176326752000023,11.780757903000051],[8.176574708000089,11.782604217000028],[8.176157951000164,11.78490066500018],[8.174854278000055,11.788109780000013],[8.174206735000041,11.789942741000061],[8.16837692200005,11.790323259000104],[8.163445473000138,11.790949821000083],[8.158519745000035,11.791802406000045],[8.153824807000092,11.793352127999981],[8.15325260100019,11.793566703000067],[8.15025329499997,11.794686318000061],[8.148454666000134,11.794660568999973],[8.145768165000163,11.795086862000176],[8.141311646000077,11.797559738000132],[8.139320373000089,11.799606324000024],[8.13576316800004,11.802090645000135],[8.134000778000029,11.804601670000181],[8.130468368000152,11.808932306000031],[8.128714561000095,11.812134743000058],[8.127438546000121,11.817182539999976],[8.130183219000116,11.820906638999986],[8.13019943300003,11.822057724000103],[8.129994393000118,11.823436738],[8.128948212000125,11.828954697000142],[8.127616882000098,11.830084802000101],[8.124493598000129,11.831654548000131],[8.120057105000171,11.835512161],[8.11534595400019,11.835680009000043],[8.112448692999976,11.837252618000036],[8.108435630000031,11.839271545000031],[8.103968621000035,11.840822220000177],[8.097715377999975,11.84327221],[8.093045234000101,11.846435548000102],[8.088842392000174,11.850984574000108],[8.085679054000082,11.8525552750001],[8.081868172999975,11.856889725000087],[8.078478814000164,11.86445903800012],[8.076758386000051,11.870204927000088],[8.075281144000087,11.875258445999975],[8.075277329000187,11.875488282000163],[8.076614379000148,11.880347252000035],[8.077988624000056,11.882669449000048],[8.07849693300011,11.885366440000041],[8.078859329000068,11.887290955000026],[8.080715178999981,11.888697624000145],[8.084207535000132,11.890352249000159],[8.090289115000076,11.891119957000114],[8.095895768000048,11.892569542000047],[8.098907471000132,11.89514255600011],[8.100748062000093,11.89747238200016],[8.102125167000054,11.899564742999985],[8.103729247000103,11.902119637000169],[8.1062707910001,11.904685975000064],[8.107162476000042,11.907923699000094],[8.105697632000158,11.912058831000081],[8.103076934000057,11.915023805000089],[8.101882935000106,11.916624070000069],[8.097163200000125,11.91887283300008],[8.092719079000062,11.918357849000074],[8.086606025000151,11.919667245000085],[8.084254265000084,11.920330048000096],[8.07791805300019,11.920945167000127],[8.067801476000056,11.923588753],[8.060063361000118,11.923957826000105],[8.054179191000173,11.925728799000126],[8.048325539000075,11.925197601000093],[8.045946122000089,11.927702904000171],[8.04121875800007,11.930646897000088],[8.03418636300006,11.930790901000137],[8.028533936000031,11.932797432000143],[8.02514171700011,11.932261467000103],[8.027330399,11.934859277000101],[8.032604217000085,11.943223954000075],[8.039790154,11.948843957000122],[8.046285630000114,11.953535079000119],[8.053515434000019,11.956157685000051],[8.066640854000127,11.956087114000127],[8.084505081000032,11.952383995000105],[8.095312118000095,11.950439454000048],[8.104952812000022,11.948248864000163],[8.109395028000051,11.948993684000129],[8.11454391400008,11.949519158000101],[8.120368957000039,11.951895715000035],[8.12385368300005,11.954014779000033],[8.128275872000131,11.956372262000116],[8.133840561,11.96059131700008],[8.133575439000083,11.965463638000074]]]]}},
{"type":"Feature","properties":{"fid":21,"GID_2":"NGA.20.21_1","GID_0":"NGA","COUNTRY":"Nigeria","GID_1":"NGA.20_1","NAME_1":"Kano","NL_NAME_1":"NA","NAME_2":"Kano","VARNAME_2":"NA","NL_NAME_2":"NA","TYPE_2":"Local Authority","ENGTYPE_2":"Local Authority","CC_2":"NA","HASC_2":"NA"},"geometry":{"type":"MultiPolygon","coordinates":[[[[8.433974267000053,11.946763039000075],[8.438689231000126,11.947984696000162],[8.450217246000136,11.950136185000076],[8.471838951000052,11.955131531000063],[8.489465713000129,11.959177971000031],[8.503053664000049,11.964816093000024],[8.503367424000032,11.965573311000185],[8.503512383000043,11.965511322999987],[8.509533883000188,11.958838463000177],[8.509605409000073,11.941943169000069],[8.504775047000066,11.926533699000117],[8.504223824000064,11.926401138000074],[8.492456435000122,11.924475670000106],[8.479291916000022,11.921618461000037],[8.472475052,11.920187949000024],[8.463754653000137,11.919439316000137],[8.455199242000049,11.922624588000076],[8.448508263,11.927212716000099],[8.444394111000122,11.93274212],[8.441416741000182,11.940823556000055],[8.434276581000063,11.944021226000132],[8.433974267000053,11.946763039000075]]]]}},
{"type":"Feature","properties":{"fid":22,"GID_2":"NGA.20.22_1","GID_0":"NGA","COUNTRY":"Nigeria","GID_1":"NGA.20_1","NAME_1":"Kano","NL_NAME_1":"NA","NAME_2":"Karaye","VARNAME_2":"NA","NL_NAME_2":"NA","TYPE_2":"Local Authority","ENGTYPE_2":"Local Authority","CC_2":"NA","HASC_2":"NA"},"geometry":{"type":"MultiPolygon","coordinates":[[[[7.857674122000162,11.799155235000114],[7.860976219000065,11.798646927000163],[7.871850014000131,11.792090417000168],[7.878496170000062,11.786174774000187],[7.882993221000106,11.783002852999971],[7.890528202000155,11.780556679000085],[7.897591115000012,11.7783365250001],[7.903685093000092,11.778180122000037],[7.913293839000062,11.778296470000043],[7.921891212000048,11.783474923000142],[7.924853803000133,11.78950500500008],[7.932958125000141,11.796520234000127],[7.937804222000068,11.801882743000021],[7.940093994000165,11.805598259000135],[7.958199978000096,11.81803989500014],[7.964260102000026,11.820419312000126],[7.973171234000176,11.820066452000049],[7.981576921000112,11.822242737000067],[7.988105774000019,11.824628831000155],[7.991580010000064,11.827667236000082],[7.994578838000052,11.830930709000029],[7.999663831000078,11.836066247000019],[8.000807762000136,11.837924956999984],[8.006624222000141,11.840992928000105],[8.015503883000065,11.84294414500016],[8.022281646000181,11.844179153000027],[8.025769234000052,11.846297264000043],[8.029703141000027,11.849803926000106],[8.037630082000021,11.852666855000109],[8.050243378,11.855818748000047],[8.054909707000036,11.857256890000031],[8.058157922000078,11.859601975000146],[8.058115005,11.862599373000023],[8.062023163000106,11.867947579000031],[8.064340592000065,11.869821549000164],[8.063603402000183,11.872348785000042],[8.065899849,11.875605583000038],[8.068441391000022,11.878172875000189],[8.069123268,11.879795074000185],[8.070246696000083,11.883266449000075],[8.073708533000058,11.88699722400014],[8.075338364000174,11.887708665000105],[8.076278686000023,11.887490272000036],[8.07849693300011,11.885366440000041],[8.077988624000056,11.882669449000048],[8.076614379000148,11.880347252000035],[8.075277329000187,11.875488282000163],[8.075281144000087,11.875258445999975],[8.076758386000051,11.870204927000088],[8.078478814000164,11.86445903800012],[8.081868172999975,11.856889725000087],[8.085679054000082,11.8525552750001],[8.088842392000174,11.850984574000108],[8.093045234000101,11.846435548000102],[8.097715377999975,11.84327221],[8.103968621000035,11.840822220000177],[8.108435630000031,11.839271545000031],[8.112448692999976,11.837252618000036],[8.11534595400019,11.835680009000043],[8.120057105000171,11.835512161],[8.124493598000129,11.831654548000131],[8.127616882000098,11.830084802000101],[8.128948212000125,11.828954697000142],[8.129994393000118,11.823436738],[8.13019943300003,11.822057724000103],[8.130183219000116,11.820906638999986],[8.127438546000121,11.817182539999976],[8.128714561000095,11.812134743000058],[8.130468368000152,11.808932306000031],[8.134000778000029,11.804601670000181],[8.13576316800004,11.802090645000135],[8.139320373000089,11.799606324000024],[8.141311646000077,11.797559738000132],[8.145768165000163,11.795086862000176],[8.148454666000134,11.794660568999973],[8.15025329499997,11.794686318000061],[8.15325260100019,11.793566703000067],[8.150672912000175,11.792620659000136],[8.144126893000077,11.789995193000152],[8.141859054000065,11.788353919000087],[8.137347222000187,11.786679268000171],[8.133725166000147,11.784557343000188],[8.129873275000023,11.781972885000016],[8.125121117000106,11.779142380000053],[8.116513252000118,11.773495675000106],[8.104970933000175,11.76688861800011],[8.100905418000139,11.764990807000061],[8.096135139000069,11.761011123000117],[8.089546203000054,11.755163194000033],[8.081191063000119,11.751593588999981],[8.077347756000165,11.749697685000172],[8.069059372000083,11.750969887000053],[8.066576959000088,11.750012397000091],[8.062285423000105,11.748113633000173],[8.05904197600006,11.740696908000189],[8.057341576000056,11.731459618000031],[8.055161475999967,11.719681741000159],[8.055188180000073,11.705400467000118],[8.053540230000124,11.69984817400001],[8.050937653000176,11.690136909000046],[8.051310539000099,11.684615135000058],[8.051188468000078,11.675627709000025],[8.049576760000093,11.672842979000166],[8.046360969000034,11.667497636000121],[8.039078713000038,11.660260201000028],[8.033873559000142,11.657194138000079],[8.025979042000188,11.654553414000077],[8.018130303000135,11.65513896900012],[8.013677597000139,11.657841683000072],[8.009011269000041,11.661234855000032],[8.001463890000025,11.667583465],[7.999221801999965,11.66778278400011],[7.996730804000094,11.666135787000144],[7.994447231000095,11.663340569000127],[7.988340855000047,11.660034181000128],[7.987549781000155,11.651498794000133],[7.986142159,11.647102355000072],[7.98383998900016,11.642925262],[7.982444764000093,11.639451027000064],[7.98105478399998,11.636205674000053],[7.977196216000095,11.633158684000023],[7.971982001000072,11.631713867000087],[7.971199989000013,11.637918472000024],[7.969429016000163,11.639736175000053],[7.967861176000099,11.639945985000168],[7.965827943000022,11.638996125000119],[7.961997033000102,11.638022422000063],[7.957718850000049,11.637042046000147],[7.950058937000165,11.635095597000145],[7.945774078000113,11.633655548000092],[7.942536831000041,11.632464409000022],[7.93525981800002,11.633297921000064],[7.928691865000076,11.633678436000025],[7.917892934000179,11.634931565000045],[7.912233829000115,11.637397766000106],[7.90890884300012,11.640585900000076],[7.908193112000163,11.641500473000178],[7.90579986500012,11.644932746000052],[7.903398037000159,11.649050714000055],[7.901216982999983,11.651894569999968],[7.901897907000034,11.652961732],[7.90019607500011,11.65755653500014],[7.899470806000011,11.658932687000117],[7.898880958000063,11.667694092000033],[7.89547300300012,11.676883698000097],[7.893784047000167,11.680324554000038],[7.892293930000051,11.686306],[7.887729168000021,11.694328308000024],[7.879599095000117,11.70600032800013],[7.875261783999974,11.714487075000022],[7.870306969000126,11.733810426000048],[7.865828992000047,11.752449035999973],[7.855824948000077,11.763867378999976],[7.851187228000072,11.777195931000051],[7.856392860000028,11.790405272999976],[7.857674122000162,11.799155235000114]]]]}},
{"type":"Feature","properties":{"fid":23,"GID_2":"NGA.20.23_1","GID_0":"NGA","COUNTRY":"Nigeria","GID_1":"NGA.20_1","NAME_1":"Kano","NL_NAME_1":"NA","NAME_2":"Kibiya","VARNAME_2":"NA","NL_NAME_2":"NA","TYPE_2":"Local Authority","ENGTYPE_2":"Local Authority","CC_2":"NA","HASC_2":"NA"},"geometry":{"type":"MultiPolygon","coordinates":[[[[8.628637314000059,11.603636741000116],[8.630654335999964,11.604116441000031],[8.636203766000108,11.60601425200008],[8.642781256999967,11.607463837000012],[8.647234916000173,11.608429908000119],[8.650416375000077,11.609152794000067],[8.654229163000025,11.609880448000069],[8.659066200000154,11.610155106000036],[8.662423135000154,11.610186577999968],[8.669084549000104,11.609324455000149],[8.672674180000058,11.609820366000065],[8.673551559000089,11.61052227100015],[8.677572250000139,11.611251830000185],[8.68308830300009,11.6124572760001],[8.686445236000111,11.612488748000033],[8.687900544000058,11.612270355000021],[8.690541267000185,11.610679626000092],[8.692798615000072,11.609777451000127],[8.694860457000118,11.609102249000046],[8.702461243000187,11.610097886000119],[8.708247185,11.612462044000154],[8.711489677000088,11.614339830000063],[8.7162036900001,11.616231919000029],[8.717313767000064,11.617396355000096],[8.719091415000037,11.615333557000156],[8.722075462000134,11.616286278000189],[8.723832130000176,11.617394448000027],[8.723015784000097,11.61028766700008],[8.723079682000048,11.595740318000026],[8.723682403000112,11.573579788000188],[8.724527360000138,11.555343628000116],[8.725385664999976,11.540805817000148],[8.726255416000129,11.529039383],[8.726675988000068,11.519805908000137],[8.725711823000154,11.505711555000062],[8.725675584000101,11.495783807],[8.725646020000113,11.487469673000078],[8.724244117000069,11.478450775000113],[8.721718788000089,11.474039078000033],[8.721718788000089,11.473808289000033],[8.721249581000109,11.470569610000041],[8.720547676000024,11.465482712000153],[8.720918656000151,11.457241057999966],[8.717976570000076,11.448600769000166],[8.713625909000086,11.443477631000121],[8.708138467000083,11.439730645000054],[8.704252242000166,11.436921121000125],[8.699895858000104,11.430875778000029],[8.697150230000148,11.428077697000106],[8.69347572300012,11.421342851000077],[8.692334176000088,11.420870781000133],[8.685932159,11.415959359000169],[8.679062844000157,11.408271789000025],[8.670830726000077,11.402878761000011],[8.66192817700005,11.3997888560001],[8.650957107000011,11.393447876000153],[8.644780158000117,11.388306618],[8.63792037900015,11.382927896000126],[8.629006386000071,11.377760887000079],[8.625112534000095,11.373334884000087],[8.617343902000187,11.368871690000105],[8.611632347000011,11.365812302000109],[8.60249328600014,11.360873223000112],[8.597688674000153,11.356670380000082],[8.590600967,11.351518632000136],[8.58488368899998,11.347769738000125],[8.578489304000186,11.345167159000141],[8.575280189000125,11.340517999000042],[8.568973541000048,11.334932327000104],[8.569110870000145,11.336298943000031],[8.569588662000058,11.343000413000084],[8.569834709000077,11.348081588000127],[8.570075035000059,11.35131931300009],[8.569883346000097,11.354781152000101],[8.570585251000182,11.360099794000121],[8.56905365,11.362857818000066],[8.567421913000089,11.36769199400004],[8.56486511300011,11.370903015000067],[8.561421394000035,11.373180389000026],[8.558583259000102,11.375000954000086],[8.55616283300003,11.376827240000011],[8.554075240000088,11.380966187000126],[8.554432869000095,11.383739472000173],[8.556751251000037,11.387919425000064],[8.560114860999988,11.392107964000161],[8.565431595000064,11.397471428000188],[8.569696427000167,11.402821541000094],[8.573113442000022,11.407937050000157],[8.572639465000123,11.418789864000132],[8.570532799000091,11.430547714999989],[8.56806373600017,11.435375214000032],[8.566272736000144,11.437208177000059],[8.562863350000157,11.444104195000079],[8.561331750000079,11.450789451000048],[8.558711052000092,11.456771851000155],[8.557020188000024,11.460453034000182],[8.557929038000054,11.469698907],[8.557753563,11.474316596000108],[8.558772088000183,11.481719018000092],[8.560434341000132,11.489356996000026],[8.562601090000101,11.494689941000104],[8.564413070000114,11.501173974000039],[8.566569328000185,11.506275176000088],[8.573304175999965,11.510725975000184],[8.578672410000081,11.513087273000167],[8.587676047000116,11.516865730000063],[8.595051765000051,11.521553993999987],[8.603523255000027,11.531104087000131],[8.608749390000128,11.538775444000123],[8.610758781000072,11.545028687000126],[8.611025811000104,11.550113678000116],[8.611009598000123,11.55773544300007],[8.610351562,11.569048882000118],[8.610198975000117,11.574129105000054],[8.609726906000049,11.581052780000164],[8.610217094000063,11.58637046900003],[8.613373756000158,11.590559006000092],[8.617714882000143,11.593370437000146],[8.622317313,11.597109795000051],[8.625028610000072,11.600831032000031],[8.628637314000059,11.603636741000116]]]]}},
{"type":"Feature","properties":{"fid":24,"GID_2":"NGA.20.24_1","GID_0":"NGA","COUNTRY":"Nigeria","GID_1":"NGA.20_1","NAME_1":"Kano","NL_NAME_1":"NA","NAME_2":"Kiru","VARNAME_2":"NA","NL_NAME_2":"NA","TYPE_2":"Local Authority","ENGTYPE_2":"Local Authority","CC_2":"NA","HASC_2":"NA"},"geometry":{"type":"MultiPolygon","coordinates":[[[[8.202651022999987,11.304466247000164],[8.194607736000023,11.306631088000131],[8.163449288000152,11.32011699800006],[8.137679100000071,11.335716249000143],[8.120818138000175,11.354610444000173],[8.11264515,11.376099586000066],[8.112294196000107,11.395551682000132],[8.122589111000025,11.413676262000024],[8.135609626000075,11.437606811000023],[8.146304129999976,11.459669114000178],[8.141227722000053,11.479556083999967],[8.122895240000048,11.492571831000021],[8.103181839000115,11.495541573000025],[8.083831787000122,11.492292404000068],[8.059038163000025,11.48482132099997],[8.037363052000103,11.47577762700007],[8.029869079000093,11.475811959000112],[8.029401779000125,11.478832245000035],[8.031749725000111,11.486233712000057],[8.032709122000142,11.490856171000132],[8.032011986000043,11.505357743000104],[8.029891967000026,11.514542581000114],[8.027942658000143,11.519817353000121],[8.02145862499998,11.521572113000161],[8.018778801000167,11.522688865000191],[8.012312888999986,11.525824547000127],[8.009411812000053,11.527167320000103],[8.00407886500011,11.531011582000019],[7.998120784000037,11.538534165000101],[7.993048191000128,11.545145035000189],[7.99130010600004,11.548575401000107],[7.989561079999987,11.552700997000045],[7.988756180000053,11.559601785000098],[7.98548316900019,11.566467286000034],[7.98493385300003,11.575444222000044],[7.98322486800015,11.581871033000084],[7.980375767000055,11.586898804000157],[7.977702142000055,11.588246345000186],[7.972776891000137,11.589330673000177],[7.970557212000074,11.591142655000169],[7.967296124000086,11.598699570000065],[7.967337130999965,11.601697922000028],[7.96739816600018,11.606306076000067],[7.96838283500017,11.612539291000076],[7.968897819000176,11.617384910000169],[7.970100880000132,11.623388291000083],[7.972009182000136,11.631477356000175],[7.971982001000072,11.631713867000087],[7.977196216000095,11.633158684000023],[7.98105478399998,11.636205674000053],[7.982444764000093,11.639451027000064],[7.98383998900016,11.642925262],[7.986142159,11.647102355000072],[7.987549781000155,11.651498794000133],[7.988340855000047,11.660034181000128],[7.994447231000095,11.663340569000127],[7.996730804000094,11.666135787000144],[7.999221801999965,11.66778278400011],[8.001463890000025,11.667583465],[8.009011269000041,11.661234855000032],[8.013677597000139,11.657841683000072],[8.018130303000135,11.65513896900012],[8.025979042000188,11.654553414000077],[8.033873559000142,11.657194138000079],[8.039078713000038,11.660260201000028],[8.046360969000034,11.667497636000121],[8.049576760000093,11.672842979000166],[8.051188468000078,11.675627709000025],[8.051310539000099,11.684615135000058],[8.050937653000176,11.690136909000046],[8.053540230000124,11.69984817400001],[8.055188180000073,11.705400467000118],[8.055161475999967,11.719681741000159],[8.057341576000056,11.731459618000031],[8.05904197600006,11.740696908000189],[8.062285423000105,11.748113633000173],[8.066576959000088,11.750012397000091],[8.069059372000083,11.750969887000053],[8.077347756000165,11.749697685000172],[8.081191063000119,11.751593588999981],[8.089546203000054,11.755163194000033],[8.096135139000069,11.761011123000117],[8.100905418000139,11.764990807000061],[8.104970933000175,11.76688861800011],[8.116513252000118,11.773495675000106],[8.125121117000106,11.779142380000053],[8.129873275000023,11.781972885000016],[8.133725166000147,11.784557343000188],[8.137347222000187,11.786679268000171],[8.141859054000065,11.788353919000087],[8.144126893000077,11.789995193000152],[8.150672912000175,11.792620659000136],[8.15325260100019,11.793566703000067],[8.153824807000092,11.793352127999981],[8.158519745000035,11.791802406000045],[8.163445473000138,11.790949821000083],[8.16837692200005,11.790323259000104],[8.174206735000041,11.789942741000061],[8.174854278000055,11.788109780000013],[8.176157951000164,11.78490066500018],[8.176574708000089,11.782604217000028],[8.176326752000023,11.780757903000051],[8.178751945000045,11.777566911000179],[8.182500839000056,11.772779464000109],[8.185381889000041,11.769823074999977],[8.189386367999987,11.767342567000128],[8.193437576000179,11.768088342000112],[8.198402404000092,11.769997596000167],[8.199997901000074,11.771632195000109],[8.201370240000188,11.773491860000092],[8.202051162000032,11.774195671000143],[8.202505111,11.774431229000072],[8.205652236000105,11.774703979000094],[8.210153579000121,11.775687217999973],[8.214899064000122,11.777825356000164],[8.220084190000136,11.779506684000182],[8.230625153000176,11.778729437999971],[8.233106612000086,11.779684068000108],[8.236033439000039,11.780185699000128],[8.238939286,11.779300690000184],[8.239162446000023,11.779303550000066],[8.242292405000114,11.778196335000018],[8.245415687000047,11.776856423000027],[8.247015954,11.775771142],[8.247561455000152,11.77540397700011],[8.248083114000053,11.775049210000134],[8.247248650000074,11.774191856000073],[8.246718407,11.773647308000136],[8.246513365999988,11.771314621000158],[8.246453285000086,11.770649910000088],[8.247076034000031,11.766970635000064],[8.247476578000146,11.763523103000125],[8.248317718000067,11.759388924000064],[8.25071334800009,11.753890992000095],[8.25156307200001,11.750445365000189],[8.25283908900019,11.745394706000184],[8.25322914000003,11.741253852000057],[8.253637314000059,11.738035201000116],[8.255595206000066,11.733453751000127],[8.256446838000159,11.730240821],[8.256861688000015,11.727712632000021],[8.258153916000026,11.723583221000183],[8.25792408000018,11.723348618000045],[8.257454872999972,11.721730232000084],[8.257819175000122,11.715747834000183],[8.25663566500009,11.711354256000106],[8.256041527000093,11.709029197000177],[8.254113197000095,11.707404136000093],[8.249806405000072,11.704350472000044],[8.247771262000185,11.703170777000025],[8.245462419000035,11.698533058000123],[8.242281915000092,11.695953369000108],[8.237039566000078,11.69012260400018],[8.231684685000118,11.676230430000032],[8.225335121000171,11.671537400000034],[8.221875191000095,11.664809226999978],[8.217462539,11.654153823000115],[8.21470737500016,11.649509430000023],[8.212977409000189,11.637965202000146],[8.210376740000186,11.628485680000097],[8.205989837000061,11.61967277499997],[8.20320892400008,11.613186836000068],[8.198602676000178,11.604830742000047],[8.194607736000023,11.591876985],[8.194135666000022,11.590255737000177],[8.191387177000081,11.581686975000139],[8.19091129300017,11.568952561],[8.190359116000025,11.560385704000055],[8.190370560000076,11.559693337000056],[8.189358712000057,11.550428390000036],[8.190158845000042,11.545340539000165],[8.191929818000119,11.538870811000095],[8.190847397000027,11.533539771000051],[8.18800544700008,11.521024705000173],[8.185329438000053,11.512447358000031],[8.181613922000111,11.496220590000178],[8.178078651000078,11.482773782000152],[8.175985336,11.468180656000072],[8.174357414000156,11.453820228000097],[8.174006463000126,11.447106361000124],[8.173519135000163,11.43507003700006],[8.175093651000054,11.426283836999971],[8.177942275000021,11.412412643000152],[8.182366372000047,11.40272045100005],[8.187767983000128,11.39118290000016],[8.192951203000177,11.378716469000096],[8.195988655000122,11.367392541000015],[8.197964668000111,11.362545968],[8.199722290000068,11.356769563],[8.204084397000145,11.350547791],[8.206996919000062,11.346167564000041],[8.211104394000188,11.340870858000017],[8.214215279000086,11.338574410000092],[8.219628333000173,11.335434913000142],[8.227227212000173,11.332156182000176],[8.234866142000158,11.328645707000078],[8.239759444000015,11.32576942500009],[8.254600525000058,11.32126426700006],[8.261935233000145,11.321190833000173],[8.272230148000119,11.320946694000156],[8.285455703000082,11.322368623000102],[8.294289589000186,11.32209777800017],[8.302501679000045,11.321569443000044],[8.306266785000162,11.319936752000046],[8.308016777000034,11.318847656],[8.308226585000114,11.318849563000072],[8.307253837000133,11.31630039200013],[8.304553033000104,11.312812805000135],[8.303244591000066,11.311874389000081],[8.301296235000109,11.310702324000033],[8.298879624000108,11.308601380000084],[8.294795990000068,11.306715965000137],[8.287887574000138,11.304992676000097],[8.280366897000022,11.302773475000095],[8.26492595600007,11.300615311000058],[8.257761954999978,11.30138302000006],[8.252018928999973,11.302408218000153],[8.247604369000157,11.30758857800015],[8.234234810000146,11.308685302000129],[8.227096557999971,11.307616234000136],[8.208658219000029,11.30585670500011],[8.202651022999987,11.304466247000164]]]]}},
{"type":"Feature","properties":{"fid":25,"GID_2":"NGA.20.25_1","GID_0":"NGA","COUNTRY":"Nigeria","GID_1":"NGA.20_1","NAME_1":"Kano","NL_NAME_1":"NA","NAME_2":"Kumbotso","VARNAME_2":"NA","NL_NAME_2":"NA","TYPE_2":"Local Authority","ENGTYPE_2":"Local Authority","CC_2":"NA","HASC_2":"NA"},"geometry":{"type":"MultiPolygon","coordinates":[[[[8.604736329000048,11.91579914100015],[8.604633332000105,11.914454460000172],[8.602437974,11.901796342000182],[8.599181176,11.886823653000079],[8.588540078000108,11.87559509200014],[8.579132078999976,11.867371559000162],[8.569063186999983,11.864639283000031],[8.557958602000042,11.862801552000121],[8.548937797000178,11.860777855000094],[8.54082202900014,11.860664368000016],[8.536012649000099,11.859054565000179],[8.532772064000085,11.862004280000065],[8.527541162000034,11.864055634000124],[8.521599769000034,11.866334916000085],[8.515701294000053,11.866293906000067],[8.509014128999979,11.870421410000176],[8.501441001000103,11.871761322000168],[8.496982575000175,11.87034606900005],[8.491558075000057,11.870081901000049],[8.482300759000054,11.873032570000021],[8.478793145000054,11.871159554000144],[8.473137855000061,11.87066078099997],[8.467958450000026,11.869935989000055],[8.460412026000029,11.869654656000137],[8.451666831000068,11.870295524000028],[8.446470260000069,11.870495796000114],[8.439133644000037,11.871608735000052],[8.435327531000155,11.873204232000035],[8.431762696000135,11.874571801000116],[8.427246094000168,11.876395225000181],[8.420803069999977,11.880290032000119],[8.419606209000165,11.881208420000064],[8.417684554000061,11.883048059000146],[8.416007043000093,11.884424211000123],[8.410992623000141,11.887633323999978],[8.405694007000136,11.89338779600007],[8.400913238000101,11.896829605000164],[8.399006844000098,11.897744180000075],[8.397074698000097,11.900278091000018],[8.396585465000044,11.901201249000053],[8.392912865000085,11.908088685000052],[8.393591880000031,11.90855789200009],[8.394328117000157,11.913175583000111],[8.393001557000161,11.914539337000178],[8.389865875000055,11.914958001000173],[8.38561725600016,11.916281701000116],[8.385402679000094,11.916297912000118],[8.383249283000055,11.91645336199997],[8.383147240000085,11.91625023000006],[8.382980348000103,11.916191102000141],[8.380945205000046,11.919445037000173],[8.382540702000142,11.921079636000172],[8.38509464200007,11.927335739000057],[8.387138367000148,11.928972244000022],[8.390123367000058,11.933852197000135],[8.394952774000046,11.942209244000139],[8.397909165000158,11.945014955000033],[8.400467872000036,11.951498986000161],[8.403693199000145,11.957531929000083],[8.404811858000073,11.960850717000028],[8.406332017000182,11.960088729000063],[8.412533760000031,11.960088729000063],[8.419506072000161,11.957764625000152],[8.424155235000171,11.959314347000088],[8.428805350000061,11.959314347000088],[8.432708740000066,11.959314347000088],[8.432866096000112,11.956741332000092],[8.433974267000053,11.946763039000075],[8.434276581000063,11.944021226000132],[8.441416741000182,11.940823556000055],[8.444394111000122,11.93274212],[8.448508263,11.927212716000099],[8.455199242000049,11.922624588000076],[8.463754653000137,11.919439316000137],[8.472475052,11.920187949000024],[8.479291916000022,11.921618461000037],[8.492456435000122,11.924475670000106],[8.504223824000064,11.926401138000074],[8.504775047000066,11.926533699000117],[8.517386436000038,11.92949199800006],[8.520604134000166,11.934141160000138],[8.528861045999975,11.934424401],[8.537840844000129,11.933783531000131],[8.550031663000084,11.93825721800016],[8.557953834000159,11.943861960999982],[8.564757348000171,11.946217537000052],[8.567140580000171,11.947097778000114],[8.57307624800012,11.943030357000112],[8.58215618100013,11.936838149999971],[8.59197044299998,11.930011750000062],[8.598718642000108,11.919833183000151],[8.604736329000048,11.91579914100015]]]]}},
{"type":"Feature","properties":{"fid":26,"GID_2":"NGA.20.26_1","GID_0":"NGA","COUNTRY":"Nigeria","GID_1":"NGA.20_1","NAME_1":"Kano","NL_NAME_1":"NA","NAME_2":"Kunchi","VARNAME_2":"NA","NL_NAME_2":"NA","TYPE_2":"Local Authority","ENGTYPE_2":"Local Authority","CC_2":"NA","HASC_2":"NA"},"geometry":{"type":"MultiPolygon","coordinates":[[[[8.282835007000131,12.569607735000034],[8.283538818000181,12.567866326000114],[8.289064407000069,12.558241845],[8.300530434000109,12.542687416000092],[8.307973861,12.529852868000091],[8.318104743000163,12.509203910000053],[8.326047897000137,12.494070053000144],[8.33468532500018,12.479634285000145],[8.339508056000113,12.470000268000149],[8.340055466000138,12.464239121000162],[8.34107589700011,12.458251],[8.33908653300017,12.449690819000068],[8.341113091000182,12.438870429000076],[8.347535134000111,12.432024956000078],[8.355842591000112,12.424507141000049],[8.358468056,12.421078683000076],[8.362451553000028,12.424297334000187],[8.364192962000118,12.411398887000132],[8.363512038000067,12.409775734],[8.367618560000039,12.401062965000051],[8.371024132000116,12.392342567000071],[8.37606811600017,12.383642196000096],[8.381558419000157,12.376560212000129],[8.389360427000156,12.371812820000059],[8.400031089000038,12.362949372000173],[8.40977191800016,12.350847245000068],[8.413452147999976,12.340991975000179],[8.412879944000053,12.33896636999998],[8.408497811000132,12.32341766400009],[8.400675774000149,12.309720040000059],[8.390686036000147,12.301522256000169],[8.379554749000079,12.291925431000095],[8.364348412000027,12.284118653],[8.349645615000043,12.279560089000142],[8.338410377000173,12.278733253000098],[8.330046655000046,12.273328781999965],[8.329442979000021,12.266403197999978],[8.323667526000065,12.260337831000072],[8.313573837999968,12.261597633],[8.303196907000029,12.266083718000061],[8.293723105000026,12.273118972000191],[8.286388397000167,12.278103827999985],[8.273615838000183,12.286247253000113],[8.263958931000104,12.289590836000116],[8.259011269000155,12.291607855999985],[8.249135971000044,12.293793679000089],[8.23385238700007,12.297296525000036],[8.220141410000053,12.305661202000181],[8.212824822000073,12.309262276000027],[8.200789451000162,12.315110207000089],[8.19186782800017,12.316156387000149],[8.17327499400011,12.321695328000089],[8.163655280000171,12.322502136000026],[8.149728775000085,12.329483033000031],[8.133899689000089,12.338281631000086],[8.121167182000079,12.343893051000066],[8.10754203800019,12.346034049000082],[8.09180259600015,12.349534035000147],[8.083629607999967,12.350827216000084],[8.07780647300001,12.350070000000187],[8.074003219000133,12.349117279000097],[8.070506096000031,12.356681823000031],[8.070163727000022,12.367058754000027],[8.066809655000156,12.370702745000131],[8.077593803000184,12.375608445000182],[8.090541839000025,12.381266595000056],[8.093839646000106,12.38270664200013],[8.107284546000187,12.390009880000093],[8.121875763,12.399399757000083],[8.126937867000152,12.405688287000146],[8.134556770000017,12.412925721000136],[8.138098717999981,12.430742264000173],[8.141650199000139,12.447864533000143],[8.146369933000187,12.464767455000185],[8.152708053000026,12.482615471000088],[8.159588815000063,12.493538856000157],[8.166677475000029,12.506775856000104],[8.170539856000119,12.516514778000101],[8.175339698000073,12.52556800900004],[8.179348946000118,12.543389320000074],[8.18737983699998,12.555711747000089],[8.197342872000036,12.561590195000122],[8.208043098000189,12.56401157300013],[8.225287438000066,12.564889907000122],[8.238791466000066,12.567116738999971],[8.256102562000081,12.569163322000122],[8.270401955000125,12.568866731000185],[8.278591156000061,12.569656373000157],[8.282835007000131,12.569607735000034]]]]}},
{"type":"Feature","properties":{"fid":27,"GID_2":"NGA.20.27_1","GID_0":"NGA","COUNTRY":"Nigeria","GID_1":"NGA.20_1","NAME_1":"Kano","NL_NAME_1":"NA","NAME_2":"Kura","VARNAME_2":"NA","NL_NAME_2":"NA","TYPE_2":"Local Authority","ENGTYPE_2":"Local Authority","CC_2":"NA","HASC_2":"NA"},"geometry":{"type":"MultiPolygon","coordinates":[[[[8.618162156000039,11.728857041000083],[8.614041328000155,11.726152420000062],[8.612919808000072,11.724755287],[8.611575127000094,11.723125458000084],[8.606665612000029,11.721464157000185],[8.603088379000098,11.721199035000097],[8.598978997000074,11.722779274],[8.594251633000113,11.724581718000138],[8.586942673000181,11.733061791000182],[8.584412574,11.736731530000156],[8.582261086000187,11.743641854000089],[8.577669143000094,11.747987747000082],[8.573448181000117,11.751414298000157],[8.571731566999972,11.754631996000114],[8.567768097000169,11.759136200000114],[8.562558175,11.763841630000059],[8.554122925,11.766873360000091],[8.544587135000086,11.767821312000024],[8.539069177000044,11.765872956000123],[8.52480602300011,11.760297775000026],[8.516473771000108,11.755996705000143],[8.508567810000102,11.752619744000071],[8.502915383000072,11.749750138000138],[8.496664047000081,11.745265007000057],[8.491330146999985,11.740565300000128],[8.48506736700017,11.734473229000116],[8.480342865000068,11.727954864000139],[8.476743699000167,11.721687316999976],[8.476092338000171,11.718691827000157],[8.473519324999984,11.714970587999971],[8.468752862000031,11.708678246000034],[8.467187881000143,11.705892563000191],[8.463990211000066,11.702386856000089],[8.457383156999981,11.699957847000121],[8.450244904000101,11.698888779000129],[8.438064574,11.696625711000138],[8.433902741,11.695482255000172],[8.433105469000111,11.696825982000064],[8.431152343000178,11.700285912000027],[8.427330016000042,11.702809333000175],[8.424931525999966,11.704875947000062],[8.422046661000138,11.707865715000025],[8.420339584000033,11.710865975000104],[8.416754723000111,11.713389396000082],[8.412240029000145,11.714982033000126],[8.405172348000065,11.714243889000159],[8.400252342000101,11.712361336000129],[8.395333289000178,11.710247994000042],[8.392468452000173,11.712082863000091],[8.387714387000017,11.713904381000134],[8.38531589500019,11.715972900000168],[8.384000777999972,11.723368644000118],[8.383967399000142,11.725219726000148],[8.385033607000082,11.73147773900007],[8.38406086100008,11.733092309000028],[8.381627082000023,11.737241746000109],[8.379244805000042,11.738384247000056],[8.376386642000057,11.739755632000083],[8.373544693000042,11.740430833000062],[8.369277953000108,11.741331101000128],[8.366437912000038,11.741774559000078],[8.358388900000023,11.743116379000071],[8.35625267000006,11.743018150000012],[8.356685638000158,11.745882034000033],[8.358451843000182,11.752606392000018],[8.360497474000056,11.757016183000133],[8.363366126000074,11.767912864000152],[8.367677688000128,11.777427674000137],[8.370422364000035,11.782302856000058],[8.374114990000066,11.786956788000055],[8.380851746000189,11.792784692000112],[8.385476112,11.798135757000125],[8.391899108000132,11.808360099000026],[8.396277428000019,11.81417369899998],[8.404178619000163,11.820934296000075],[8.414675713000065,11.82771301300005],[8.424075126,11.830082894000157],[8.430673600000091,11.830589295000038],[8.438685418000034,11.831332208000106],[8.442003251000017,11.830658914000026],[8.449089050000055,11.830240249000099],[8.454725264999979,11.831896782000115],[8.467899322000108,11.834292412000082],[8.472591400000056,11.835707665000029],[8.479647637000085,11.837578773000132],[8.479870796000171,11.837635994000152],[8.483171463000133,11.838088990000131],[8.488825798,11.838585853000154],[8.490995407000185,11.838378906000173],[8.49331760300015,11.838152885],[8.492003441000122,11.832590104000076],[8.496321679000175,11.828680991000056],[8.503991128000166,11.82224941200019],[8.505955695000068,11.818095207999988],[8.512621880000154,11.814894675000119],[8.518777846000035,11.810158731000172],[8.528101921000143,11.808750152000016],[8.538049697000076,11.807123184000091],[8.548993110000026,11.804829598000026],[8.558768273000169,11.802514077000183],[8.578026772000101,11.79787159],[8.592972755000119,11.787627220000104],[8.602034570000058,11.776625634000027],[8.606858253000098,11.756806373000188],[8.613316536000013,11.744161606000148],[8.617012977000059,11.730798722000088],[8.617212296000162,11.730570794000073],[8.618162156000039,11.728857041000083]]]]}},
{"type":"Feature","properties":{"fid":28,"GID_2":"NGA.20.28_1","GID_0":"NGA","COUNTRY":"Nigeria","GID_1":"NGA.20_1","NAME_1":"Kano","NL_NAME_1":"NA","NAME_2":"Madobi","VARNAME_2":"NA","NL_NAME_2":"NA","TYPE_2":"Local Authority","ENGTYPE_2":"Local Authority","CC_2":"NA","HASC_2":"NA"},"geometry":{"type":"MultiPolygon","coordinates":[[[[8.281408311,11.704003334000106],[8.281209946000047,11.704217911000171],[8.278817177000064,11.70605182700001],[8.276451111000029,11.706271172000129],[8.270763397000167,11.707622528000059],[8.269614220000051,11.708073616999968],[8.266113281000173,11.714706421000074],[8.264540673000056,11.714686394000125],[8.262730598000132,11.713740349999966],[8.260016441,11.712089537999987],[8.256613731000016,11.709509850000074],[8.256041527000093,11.709029197000177],[8.25663566500009,11.711354256000106],[8.257819175000122,11.715747834000183],[8.257454872999972,11.721730232000084],[8.25792408000018,11.723348618000045],[8.258153916000026,11.723583221000183],[8.256861688000015,11.727712632000021],[8.256446838000159,11.730240821],[8.255595206000066,11.733453751000127],[8.253637314000059,11.738035201000116],[8.25322914000003,11.741253852000057],[8.25283908900019,11.745394706000184],[8.25156307200001,11.750445365000189],[8.25071334800009,11.753890992000095],[8.248317718000067,11.759388924000064],[8.247476578000146,11.763523103000125],[8.247076034000031,11.766970635000064],[8.246453285000086,11.770649910000088],[8.246513365999988,11.771314621000158],[8.246718407,11.773647308000136],[8.247248650000074,11.774191856000073],[8.248083114000053,11.775049210000134],[8.247561455000152,11.77540397700011],[8.247015954,11.775771142],[8.247748376000061,11.776132584000095],[8.249304771000141,11.782206536000103],[8.253816605000054,11.783880234000037],[8.260193824000055,11.790416718000131],[8.264821053,11.792402269000036],[8.2679729460001,11.801119805000098],[8.273894311000049,11.80718898900011],[8.286150933000044,11.817029953000088],[8.292303086000061,11.82356452900018],[8.291562081000109,11.823772431000179],[8.290737153000066,11.824002266999969],[8.290907861000164,11.824238778000108],[8.293940543000076,11.828424454000071],[8.293663025000058,11.82852840400011],[8.293944358000147,11.828654290000031],[8.295748710000055,11.829368591000105],[8.299139977000038,11.831028938999964],[8.301430702000175,11.834513665000031],[8.304141044000062,11.835702895000168],[8.308218002000046,11.838292122000098],[8.312955856000031,11.839969635000045],[8.314043045000176,11.840246201000014],[8.316835403000141,11.844628334000163],[8.320275306999974,11.849744795999982],[8.326674462000028,11.858122826000056],[8.331677436000064,11.862797737000051],[8.337394714000084,11.87047767700011],[8.341016769000021,11.872599602000093],[8.346938134000084,11.878899574000172],[8.35375499800017,11.884750366000048],[8.359410286000184,11.887825013000111],[8.365524292000146,11.891821861999972],[8.370745659000079,11.896040917000107],[8.37689495,11.902342796000084],[8.378485679999983,11.903744698000082],[8.380974768999977,11.905161858000099],[8.383245468000041,11.907037735000131],[8.384411812000053,11.910277367000162],[8.383801461000076,11.914875985000151],[8.382980348000103,11.916191102000141],[8.383147240000085,11.91625023000006],[8.383249283000055,11.91645336199997],[8.385402679000094,11.916297912000118],[8.38561725600016,11.916281701000116],[8.389865875000055,11.914958001000173],[8.393001557000161,11.914539337000178],[8.394328117000157,11.913175583000111],[8.393591880000031,11.90855789200009],[8.392912865000085,11.908088685000052],[8.396585465000044,11.901201249000053],[8.397074698000097,11.900278091000018],[8.399006844000098,11.897744180000075],[8.400913238000101,11.896829605000164],[8.405694007000136,11.89338779600007],[8.410992623000141,11.887633323999978],[8.416007043000093,11.884424211000123],[8.417684554000061,11.883048059000146],[8.419606209000165,11.881208420000064],[8.420803069999977,11.880290032000119],[8.427246094000168,11.876395225000181],[8.431762696000135,11.874571801000116],[8.435327531000155,11.873204232000035],[8.439133644000037,11.871608735000052],[8.446470260000069,11.870495796000114],[8.451666831000068,11.870295524000028],[8.460412026000029,11.869654656000137],[8.467958450000026,11.869935989000055],[8.473137855000061,11.87066078099997],[8.478793145000054,11.871159554000144],[8.482300759000054,11.873032570000021],[8.491558075000057,11.870081901000049],[8.496982575000175,11.87034606900005],[8.501441001000103,11.871761322000168],[8.509014128999979,11.870421410000176],[8.515701294000053,11.866293906000067],[8.521599769000034,11.866334916000085],[8.527541162000034,11.864055634000124],[8.532772064000085,11.862004280000065],[8.536012649000099,11.859054565000179],[8.53308010100011,11.858071328000051],[8.524820327000043,11.858020783000086],[8.523254394000048,11.857876777000058],[8.524853706000044,11.856169702000102],[8.519235610000067,11.853590011000108],[8.507031441000095,11.84980869400016],[8.498138429000051,11.845587731000023],[8.491608620000022,11.841382981000095],[8.490995407000185,11.838378906000173],[8.488825798,11.838585853000154],[8.483171463000133,11.838088990000131],[8.479870796000171,11.837635994000152],[8.479647637000085,11.837578773000132],[8.472591400000056,11.835707665000029],[8.467899322000108,11.834292412000082],[8.454725264999979,11.831896782000115],[8.449089050000055,11.830240249000099],[8.442003251000017,11.830658914000026],[8.438685418000034,11.831332208000106],[8.430673600000091,11.830589295000038],[8.424075126,11.830082894000157],[8.414675713000065,11.82771301300005],[8.404178619000163,11.820934296000075],[8.396277428000019,11.81417369899998],[8.391899108000132,11.808360099000026],[8.385476112,11.798135757000125],[8.380851746000189,11.792784692000112],[8.374114990000066,11.786956788000055],[8.370422364000035,11.782302856000058],[8.367677688000128,11.777427674000137],[8.363366126000074,11.767912864000152],[8.360497474000056,11.757016183000133],[8.358451843000182,11.752606392000018],[8.356685638000158,11.745882034000033],[8.35625267000006,11.743018150000012],[8.356055259000129,11.741711616000089],[8.350490570000034,11.736123084000099],[8.347943306000161,11.73356056200015],[8.342604638000012,11.728436471000123],[8.33746624000014,11.725627900000177],[8.33189392100013,11.720501900000045],[8.325325011000189,11.718378067000117],[8.318978309000158,11.716949463000049],[8.315231323000091,11.715306281000153],[8.310779572000058,11.713427543000137],[8.304688454000029,11.711075783000069],[8.299753190000104,11.709885597000152],[8.297872542000107,11.709411622000118],[8.297877312000139,11.709181786000102],[8.293400765,11.70868873600017],[8.29082584400004,11.707517624000104],[8.288736343999972,11.705651284],[8.2838058480001,11.704231262000121],[8.281408311,11.704003334000106]]]]}},
{"type":"Feature","properties":{"fid":29,"GID_2":"NGA.20.29_1","GID_0":"NGA","COUNTRY":"Nigeria","GID_1":"NGA.20_1","NAME_1":"Kano","NL_NAME_1":"NA","NAME_2":"Makoda","VARNAME_2":"NA","NL_NAME_2":"NA","TYPE_2":"Local Authority","ENGTYPE_2":"Local Authority","CC_2":"NA","HASC_2":"NA"},"geometry":{"type":"MultiPolygon","coordinates":[[[[8.446583748000023,12.550606728000048],[8.44711494500001,12.550856590000137],[8.458044053000151,12.556985856000097],[8.471077919000152,12.563366890000168],[8.484126090000188,12.568825721000167],[8.49111557000009,12.571675300000152],[8.500237465000168,12.572935104000123],[8.511478424000074,12.57352828900008],[8.526679994000176,12.575781822000067],[8.527714730000184,12.575890542000025],[8.526948929000127,12.570163727000022],[8.522875785999986,12.559739113000091],[8.51880073500007,12.549544335000178],[8.512519836000081,12.546239853000145],[8.503461838000078,12.540364265000164],[8.507605553000133,12.529116631000022],[8.517944337000074,12.511955261000082],[8.534587860000045,12.497899055000062],[8.532125474000054,12.48196983400004],[8.51685714600012,12.465408325000112],[8.500619888000074,12.460120202000155],[8.489570618000187,12.456515313000068],[8.480518341,12.451322555000104],[8.478232384000137,12.431942940000056],[8.470328331000132,12.395898818000092],[8.467535972000064,12.372364045000097],[8.465277672000127,12.355053902000066],[8.466709136000077,12.344706537000036],[8.472988128,12.344330787000047],[8.480231285000059,12.348576546000061],[8.484157562000121,12.356693268000186],[8.489814759000012,12.359995843000149],[8.503694534000147,12.357188224000083],[8.515876769999977,12.345142365000015],[8.525963783000179,12.327773094000065],[8.540026664000152,12.305618285000094],[8.553944586999989,12.289218902000073],[8.559632301000022,12.27823829700003],[8.565051079000057,12.264260292000131],[8.567002296000112,12.242861747000063],[8.571118354000134,12.232092857000055],[8.574981690000072,12.231174469000052],[8.56883716700014,12.229295731000036],[8.561809540000183,12.224364280000145],[8.553049087000147,12.224013329000172],[8.550862312000163,12.228132249000055],[8.550733566000133,12.23526954600004],[8.549245834000146,12.241241456000182],[8.549147607000123,12.250452995000046],[8.546276092000085,12.253870010000014],[8.54543495300004,12.258004189000076],[8.543247223000037,12.26212310700015],[8.537860869999975,12.262280464000128],[8.533544540999969,12.258535386000062],[8.527209281000182,12.254994393000061],[8.523997306000069,12.249883651000175],[8.522149086000127,12.246170997000092],[8.520768165000163,12.243620873000168],[8.520688058000189,12.237858772000095],[8.51351261200017,12.238453865],[8.506322860000182,12.237895012000024],[8.499743462000083,12.232968331000166],[8.496262551000086,12.229180336000184],[8.496150971000077,12.228973389000032],[8.495473862000097,12.232678414000077],[8.492859841000097,12.238404273000185],[8.490229606000185,12.242973327000016],[8.484004974000072,12.247496604000105],[8.478386879000027,12.247192382000151],[8.472553253000171,12.247342109000044],[8.465354920000095,12.247084617000041],[8.465213776000155,12.252310751999971],[8.465574265000043,12.262221337000142],[8.466401099000052,12.27352142400008],[8.464283943000055,12.282706261000044],[8.462084770000047,12.285902976000159],[8.454553604000068,12.293401718000098],[8.444595337000123,12.303862573000117],[8.433223725000119,12.309469223],[8.432515144000035,12.323281288000032],[8.423942565000118,12.336526871000046],[8.41342544500003,12.33891773300013],[8.412879944000053,12.33896636999998],[8.413452147999976,12.340991975000179],[8.40977191800016,12.350847245000068],[8.400031089000038,12.362949372000173],[8.389360427000156,12.371812820000059],[8.381558419000157,12.376560212000129],[8.37606811600017,12.383642196000096],[8.371024132000116,12.392342567000071],[8.367618560000039,12.401062965000051],[8.363512038000067,12.409775734],[8.364192962000118,12.411398887000132],[8.362451553000028,12.424297334000187],[8.364261628000122,12.425758362000124],[8.367226600000151,12.431559562000132],[8.369733810000071,12.436665536000021],[8.372477531000186,12.44154453200008],[8.374041557000112,12.447099685000126],[8.380436896000163,12.458942415000138],[8.382252694000101,12.463114738000115],[8.385418892000075,12.471459389000188],[8.388601304000133,12.478419305000159],[8.389442443000178,12.485349655000164],[8.390066147000084,12.49112606000017],[8.390930175,12.496212959000161],[8.39342117200016,12.502470970000047],[8.394747734000134,12.508253098000068],[8.395149231000062,12.513102532000062],[8.398571968000169,12.519605637000154],[8.407592774000136,12.528245927000057],[8.415946007,12.534111977000123],[8.426628113000106,12.541159629999981],[8.446583748000023,12.550606728000048]]]]}},
{"type":"Feature","properties":{"fid":30,"GID_2":"NGA.20.30_1","GID_0":"NGA","COUNTRY":"Nigeria","GID_1":"NGA.20_1","NAME_1":"Kano","NL_NAME_1":"NA","NAME_2":"Minjibir","VARNAME_2":"NA","NL_NAME_2":"NA","TYPE_2":"Local Authority","ENGTYPE_2":"Local Authority","CC_2":"NA","HASC_2":"NA"},"geometry":{"type":"MultiPolygon","coordinates":[[[[8.574981690000072,12.231174469000052],[8.580293656000094,12.229911805000029],[8.586401940000144,12.233450891000132],[8.597416878000047,12.234521866000023],[8.606437684000184,12.237407684000061],[8.609649659000127,12.24228954300014],[8.620136261000027,12.249760628000047],[8.629188537000118,12.258148193000068],[8.630902290000051,12.267646791000118],[8.629009247,12.278949738],[8.632760047000033,12.290515900000059],[8.634877204000134,12.297689438000134],[8.642564774000107,12.301709175000099],[8.655421257000114,12.295110703000034],[8.662370682000187,12.289366721000135],[8.677862168000104,12.281130790000191],[8.688583372999972,12.275642394999977],[8.697243691000153,12.266672135000135],[8.701102257,12.262067795],[8.697981834000018,12.238901139000063],[8.696297645000016,12.22778129500017],[8.69942188300007,12.211599350000029],[8.701500893000116,12.188235282000051],[8.698147774000063,12.177799226000104],[8.699106216000132,12.164149284000075],[8.698248863000174,12.159282685000051],[8.700377463000109,12.146107673000074],[8.695305823000012,12.139362335000101],[8.688817979000021,12.132841111000175],[8.682078360999981,12.127013206000186],[8.675125122000168,12.120027543000106],[8.665142060000164,12.11093807300017],[8.647166251999977,12.099950790000094],[8.639506341000072,12.09295845000014],[8.634688377999964,12.085290908000047],[8.63388443000008,12.07764721000018],[8.63157653899998,12.075037956000131],[8.63018226600019,12.073457719000032],[8.626887322000073,12.072975159000066],[8.624047278999967,12.073422432000029],[8.61576175600004,12.074756622000109],[8.607016563000059,12.075398445000189],[8.59523868600013,12.074167252],[8.584407806000172,12.07271289900001],[8.563968659000182,12.067494392000185],[8.555275917000188,12.065356254000164],[8.54245567300012,12.069441795999978],[8.538841249000029,12.073586465000176],[8.534056664000161,12.077027321000116],[8.527291298000137,12.08578109900003],[8.525176048000105,12.098265649000041],[8.511454583000102,12.105042459000117],[8.503006934999974,12.110918044000186],[8.489611627000102,12.116497040000127],[8.487510681000174,12.117151261000174],[8.487871170000062,12.120389938000187],[8.487195969000084,12.120379448],[8.486116407999987,12.123359680000021],[8.486195564000184,12.129120827],[8.486972808000189,12.136734009000065],[8.486623764000058,12.144100189000085],[8.488965034000159,12.151041984000074],[8.487339973000076,12.163458824000145],[8.490154267000037,12.172251701000164],[8.489445687000057,12.186060905000033],[8.490539550000051,12.200360298000021],[8.491129875000127,12.210504533000119],[8.493561745000079,12.224128724000025],[8.496150971000077,12.228973389000032],[8.496262551000086,12.229180336000184],[8.499743462000083,12.232968331000166],[8.506322860000182,12.237895012000024],[8.51351261200017,12.238453865],[8.520688058000189,12.237858772000095],[8.520768165000163,12.243620873000168],[8.522149086000127,12.246170997000092],[8.523997306000069,12.249883651000175],[8.527209281000182,12.254994393000061],[8.533544540999969,12.258535386000062],[8.537860869999975,12.262280464000128],[8.543247223000037,12.26212310700015],[8.54543495300004,12.258004189000076],[8.546276092000085,12.253870010000014],[8.549147607000123,12.250452995000046],[8.549245834000146,12.241241456000182],[8.550733566000133,12.23526954600004],[8.550862312000163,12.228132249000055],[8.553049087000147,12.224013329000172],[8.561809540000183,12.224364280000145],[8.56883716700014,12.229295731000036],[8.574981690000072,12.231174469000052]]]]}},
{"type":"Feature","properties":{"fid":31,"GID_2":"NGA.20.31_1","GID_0":"NGA","COUNTRY":"Nigeria","GID_1":"NGA.20_1","NAME_1":"Kano","NL_NAME_1":"NA","NAME_2":"Nasarawa","VARNAME_2":"Nassarawa","NL_NAME_2":"NA","TYPE_2":"Local Authority","ENGTYPE_2":"Local Authority","CC_2":"NA","HASC_2":"NA"},"geometry":{"type":"MultiPolygon","coordinates":[[[[8.50155925700011,11.988906861999965],[8.499073028,11.989093781000065],[8.48604965200019,11.991325378000056],[8.487922668000067,12.005225182000117],[8.481967926000152,12.008196831000078],[8.481431961000112,12.011664391000068],[8.480139733000101,12.01790618800004],[8.484286308000094,12.023486137000191],[8.487017631000072,12.029058455999973],[8.492444992000117,12.029094697000062],[8.496982575000175,12.026110649999964],[8.502208710000104,12.024292945000127],[8.504910469000095,12.018522262000033],[8.508501052000099,12.015769005000095],[8.517780304000098,12.011658668000052],[8.526247024000043,12.013332367000089],[8.539887428000156,12.01596164700004],[8.548647880999965,12.014396669],[8.549947739000061,12.014112473000125],[8.54983806600012,12.013940812000044],[8.540502549000166,12.008096696000052],[8.536379813999986,12.001127243999974],[8.530800818999978,11.996463776000155],[8.526907920000042,11.988106727000115],[8.518679619000181,11.988057137000112],[8.511762620000127,11.988356591000183],[8.50474452900005,11.988664627999981],[8.50155925700011,11.988906861999965]]]]}},
{"type":"Feature","properties":{"fid":32,"GID_2":"NGA.20.32_1","GID_0":"NGA","COUNTRY":"Nigeria","GID_1":"NGA.20_1","NAME_1":"Kano","NL_NAME_1":"NA","NAME_2":"Rano","VARNAME_2":"NA","NL_NAME_2":"NA","TYPE_2":"Local Authority","ENGTYPE_2":"Local Authority","CC_2":"NA","HASC_2":"NA"},"geometry":{"type":"MultiPolygon","coordinates":[[[[8.398857117000034,11.412955283000144],[8.394972802000098,11.421059608000178],[8.394987106000031,11.421290398999986],[8.395329476000143,11.427762985000186],[8.392458917,11.44090175700012],[8.392233849000036,11.444594383000151],[8.392427445000067,11.452219963000118],[8.395684243000062,11.454328537000151],[8.401863097999978,11.460161210000024],[8.405474662000017,11.465044976000172],[8.408507347000068,11.470849991000023],[8.409158707000131,11.475241662000087],[8.409455299000115,11.47686481500017],[8.40984725900006,11.480331420000027],[8.410623551000185,11.483110428000089],[8.411175729000036,11.489584924000042],[8.414035798000157,11.492151261],[8.41614437200019,11.496329308000099],[8.418004036000013,11.49980926500001],[8.41959476400001,11.502133369000092],[8.42020988500019,11.50583458],[8.417561531000104,11.511099815000023],[8.413435935000166,11.511240959000133],[8.40734863199998,11.515929223000114],[8.406049729000074,11.520029068000156],[8.404221534999976,11.525494576000085],[8.404235839000137,11.52709865700001],[8.403678895000041,11.530297279000024],[8.404477120000081,11.535817146000113],[8.404758453,11.539260864000141],[8.404149055000062,11.541084290000185],[8.401379585000029,11.548594474000026],[8.402269364,11.550215722000075],[8.401249886000073,11.552717210000083],[8.400482178000118,11.555452348000074],[8.399554252000087,11.559103012000151],[8.398803712000188,11.560416223000175],[8.399647714000025,11.560249328000168],[8.403204917999972,11.561700821000045],[8.407382966000171,11.562935829000139],[8.411877632000085,11.562340736000181],[8.418127060000074,11.561784745000068],[8.423284531000036,11.560746193000114],[8.427781105000122,11.560153008000157],[8.433882713000116,11.557069779000074],[8.439508439,11.556730270000116],[8.44697380100007,11.557573320000074],[8.450952530000052,11.559941293000122],[8.454738618000135,11.564134597000191],[8.456701280000175,11.565539361000049],[8.459254263999981,11.566254615999981],[8.461722375000022,11.56543636300006],[8.463992119000068,11.56468391500016],[8.470682145000069,11.564283372000148],[8.475764275000131,11.565254212000184],[8.482610702000045,11.567858697000133],[8.489309310000067,11.571617128000128],[8.496610642,11.574917793000111],[8.503679276000128,11.577756883],[8.511054039000044,11.582443238000053],[8.51627254400006,11.585957527000176],[8.520120621000046,11.587380409000104],[8.523303986000087,11.588102340000091],[8.524170876000028,11.588571550000154],[8.526944161000074,11.589522362000139],[8.528436661000114,11.58999919900009],[8.530387878,11.591170312000088],[8.537998199000072,11.59239864400007],[8.537701608000134,11.59077835100004],[8.538628578999976,11.584548951000158],[8.538841249000029,11.58455181100004],[8.539361001000032,11.582477569000162],[8.54119777700015,11.581569672000114],[8.541768074000174,11.58041954000015],[8.542201041000169,11.576729775000103],[8.542153359000167,11.575803757000074],[8.541154862000042,11.572793961000059],[8.541230201000133,11.570252419000099],[8.541425705000165,11.570023536000065],[8.542132378000076,11.567487717000176],[8.543245315000092,11.560800553000036],[8.544370651000122,11.55827140800011],[8.544580460000134,11.558273315000179],[8.546912194000186,11.558758735000026],[8.549280166000131,11.559931755000093],[8.554832458000021,11.561833382000088],[8.555313111000089,11.562993049000056],[8.559073448999982,11.566723824000121],[8.559098243000108,11.567185403],[8.560315132000142,11.57042789500008],[8.562213897000106,11.57460785000012],[8.564842225000177,11.576708794000069],[8.565185546000066,11.579253196000082],[8.565629959000148,11.579717637000044],[8.56798744200006,11.580665588999977],[8.569799424000109,11.583223344000146],[8.570918084000084,11.588544846000104],[8.571695328000089,11.591322898999977],[8.57664108300014,11.593680382000116],[8.578553200000158,11.594160079000062],[8.583845138000129,11.595133782000119],[8.58538818300002,11.596534728],[8.589888573000053,11.598424912000098],[8.594971657000144,11.599395752000135],[8.600648880000108,11.599679948000187],[8.603782654000099,11.599474908000104],[8.610508919000154,11.599772454],[8.614528656000118,11.600501060999989],[8.621092796000028,11.601717949000147],[8.622166633000177,11.602190018000044],[8.624287605000177,11.60267067],[8.626620292000155,11.603154183000129],[8.628637314000059,11.603636741000116],[8.625028610000072,11.600831032000031],[8.622317313,11.597109795000051],[8.617714882000143,11.593370437000146],[8.613373756000158,11.590559006000092],[8.610217094000063,11.58637046900003],[8.609726906000049,11.581052780000164],[8.610198975000117,11.574129105000054],[8.610351562,11.569048882000118],[8.611009598000123,11.55773544300007],[8.611025811000104,11.550113678000116],[8.610758781000072,11.545028687000126],[8.608749390000128,11.538775444000123],[8.603523255000027,11.531104087000131],[8.595051765000051,11.521553993999987],[8.587676047000116,11.516865730000063],[8.578672410000081,11.513087273000167],[8.573304175999965,11.510725975000184],[8.566569328000185,11.506275176000088],[8.564413070000114,11.501173974000039],[8.562601090000101,11.494689941000104],[8.560434341000132,11.489356996000026],[8.558772088000183,11.481719018000092],[8.557753563,11.474316596000108],[8.557929038000054,11.469698907],[8.557020188000024,11.460453034000182],[8.558711052000092,11.456771851000155],[8.561331750000079,11.450789451000048],[8.562863350000157,11.444104195000079],[8.566272736000144,11.437208177000059],[8.56806373600017,11.435375214000032],[8.570532799000091,11.430547714999989],[8.572639465000123,11.418789864000132],[8.573113442000022,11.407937050000157],[8.569696427000167,11.402821541000094],[8.565431595000064,11.397471428000188],[8.560114860999988,11.392107964000161],[8.556751251000037,11.387919425000064],[8.554432869000095,11.383739472000173],[8.554075240000088,11.380966187000126],[8.55616283300003,11.376827240000011],[8.558583259000102,11.375000954000086],[8.561421394000035,11.373180389000026],[8.56486511300011,11.370903015000067],[8.567421913000089,11.36769199400004],[8.56905365,11.362857818000066],[8.570585251000182,11.360099794000121],[8.569883346000097,11.354781152000101],[8.570075035000059,11.35131931300009],[8.569834709000077,11.348081588000127],[8.569588662000058,11.343000413000084],[8.569110870000145,11.336298943000031],[8.568973541000048,11.334932327000104],[8.563155173000041,11.329773903000159],[8.551525116000107,11.328739167000151],[8.544938087000162,11.327061653000101],[8.53602886200008,11.325128555000049],[8.526814460000139,11.325275422000175],[8.516239167000037,11.327487946000133],[8.509079934,11.330885887000136],[8.500219344000186,11.333806039000024],[8.492935180000188,11.338816644000076],[8.486913681000146,11.34384346000013],[8.481444359000079,11.347487450000187],[8.475161552000088,11.351587295000058],[8.469300270000076,11.355691910000132],[8.463265420000084,11.356557845999987],[8.459354401000041,11.357907296000121],[8.455614089000164,11.358566284000062],[8.452047349000111,11.362461090000124],[8.4514303200001,11.362685205000105],[8.451381683000079,11.36176204700007],[8.449739456000032,11.362438201000089],[8.446209908000185,11.363097192000168],[8.444456101000128,11.365621567000062],[8.441408158000115,11.367443085000104],[8.438371658000051,11.369495392000033],[8.437136650000184,11.369943620000186],[8.43073272800018,11.371732712000039],[8.426634788000058,11.373541831000068],[8.426041603000101,11.374227524000048],[8.422522545000049,11.379046439000092],[8.416354179000052,11.381300927000098],[8.414339065000092,11.386822701000085],[8.411138535000134,11.393724442000121],[8.408583640000074,11.396932602],[8.403373718000125,11.401505471000064],[8.40262222299998,11.403114319000167],[8.398939133000113,11.412781715000165],[8.398857117000034,11.412955283000144]]]]}},
{"type":"Feature","properties":{"fid":33,"GID_2":"NGA.20.33_1","GID_0":"NGA","COUNTRY":"Nigeria","GID_1":"NGA.20_1","NAME_1":"Kano","NL_NAME_1":"NA","NAME_2":"Rimin Gado","VARNAME_2":"NA","NL_NAME_2":"NA","TYPE_2":"Local Authority","ENGTYPE_2":"Local Authority","CC_2":"NA","HASC_2":"NA"},"geometry":{"type":"MultiPolygon","coordinates":[[[[8.135650635000047,11.965117455000097],[8.135642052000094,11.965686799000139],[8.137026787000025,11.967315675000066],[8.13864994100004,11.968487740000171],[8.140040399000156,11.969658852000066],[8.142367363000119,11.970837593000169],[8.151019096000027,11.972328187000016],[8.160800934000065,11.976596831999984],[8.180460930000152,11.983534813],[8.1908674230001,11.98943328900009],[8.205345154000099,11.997463227000139],[8.215929032000076,12.008314134000102],[8.228136062000033,12.006064416000129],[8.23667812399998,12.006871224000065],[8.248991967,12.004505158000086],[8.256526947000111,11.997465133000105],[8.273392677000118,11.983181954000031],[8.27997493800018,11.971982003000164],[8.289036751000083,11.961736679000126],[8.300943374000155,11.946003914000016],[8.311012268000127,11.927251815000034],[8.32025623300018,11.91378402700019],[8.345354080000163,11.910669328000154],[8.367580414000088,11.910740852],[8.382980348000103,11.916191102000141],[8.383801461000076,11.914875985000151],[8.384411812000053,11.910277367000162],[8.383245468000041,11.907037735000131],[8.380974768999977,11.905161858000099],[8.378485679999983,11.903744698000082],[8.37689495,11.902342796000084],[8.370745659000079,11.896040917000107],[8.365524292000146,11.891821861999972],[8.359410286000184,11.887825013000111],[8.35375499800017,11.884750366000048],[8.346938134000084,11.878899574000172],[8.341016769000021,11.872599602000093],[8.337394714000084,11.87047767700011],[8.331677436000064,11.862797737000051],[8.326674462000028,11.858122826000056],[8.320275306999974,11.849744795999982],[8.316835403000141,11.844628334000163],[8.314043045000176,11.840246201000014],[8.312955856000031,11.839969635000045],[8.308218002000046,11.838292122000098],[8.304141044000062,11.835702895000168],[8.301430702000175,11.834513665000031],[8.299139977000038,11.831028938999964],[8.295748710000055,11.829368591000105],[8.293944358000147,11.828654290000031],[8.293663025000058,11.82852840400011],[8.28746414200009,11.830868721000058],[8.280563354000037,11.835151672000109],[8.275411604999988,11.83600425700007],[8.271844865000105,11.837800026000025],[8.266242980000129,11.838645936000034],[8.256196977,11.842655181000055],[8.258063317000051,11.847747802000129],[8.262116432000141,11.864850999000112],[8.264271735000023,11.874786377000078],[8.261511803000133,11.886265755000068],[8.257509231000029,11.905563354000094],[8.253804207000087,11.913574219000054],[8.248940467000182,11.919037820000142],[8.237324715000113,11.923257828000089],[8.228552819000129,11.921986581000112],[8.223795891000179,11.918928147000031],[8.219694139000069,11.914495467999984],[8.210144044000117,11.905612946000133],[8.202026368000134,11.902967452000098],[8.200247765000142,11.904326439000158],[8.196439744000088,11.904966354000067],[8.187973022000108,11.909458161000032],[8.183553695000114,11.914695739000138],[8.180064202000153,11.922020913000154],[8.178519249000146,11.92407226600011],[8.178091049000045,11.925451278000025],[8.172396660000061,11.935969354000065],[8.168643952000082,11.940526962000035],[8.159385680000014,11.952838899000085],[8.153346061999969,11.956905365000068],[8.14888572600006,11.957312584000135],[8.145120622000093,11.958420753000041],[8.139484405000132,11.959273338000173],[8.137100219000047,11.962013244000048],[8.136157037000032,11.962462425000183],[8.135666847000152,11.964071273000059],[8.135650635000047,11.965117455000097]]]]}},
{"type":"Feature","properties":{"fid":34,"GID_2":"NGA.20.34_1","GID_0":"NGA","COUNTRY":"Nigeria","GID_1":"NGA.20_1","NAME_1":"Kano","NL_NAME_1":"NA","NAME_2":"Rogo","VARNAME_2":"NA","NL_NAME_2":"NA","TYPE_2":"Local Authority","ENGTYPE_2":"Local Authority","CC_2":"NA","HASC_2":"NA"},"geometry":{"type":"MultiPolygon","coordinates":[[[[8.029869079000093,11.475811959000112],[8.010654449000128,11.47588920700008],[7.976881981000133,11.457534790000125],[7.971977234000121,11.454866410000136],[7.957252026000162,11.444993019000094],[7.933032989000083,11.430614471000183],[7.918715953000174,11.417979241000126],[7.899380207000092,11.399518013000147],[7.876880170000163,11.379628181000044],[7.865519047000078,11.369567872000175],[7.85061311700008,11.363146782000172],[7.849726200000134,11.362995147000163],[7.826086997000061,11.358907700000088],[7.800261974000023,11.35810756800015],[7.776265145000025,11.359209062000161],[7.772504806000029,11.36350727100006],[7.768085957000039,11.36760711800008],[7.762382984000112,11.373077392000084],[7.756475925000075,11.37670135400009],[7.750099182000156,11.380087853000077],[7.74107980600013,11.388287545000139],[7.734458923000034,11.392594337000162],[7.729745864999984,11.39438533800012],[7.726463794000153,11.394578934000151],[7.718159200000116,11.401865006000094],[7.71433687300015,11.407125473000065],[7.713714124000035,11.407699585000103],[7.707687854000028,11.413276673000041],[7.707406043000105,11.416736603000174],[7.704967022000176,11.42362880800016],[7.702240944000039,11.434210777000033],[7.700080872000171,11.437877656000126],[7.698525905000054,11.448473930000034],[7.695477009,11.465510368000139],[7.694467067000119,11.470804214000054],[7.691561221000029,11.477461816000073],[7.69144010500014,11.486229896999987],[7.687561036000091,11.495414735000054],[7.68845510500006,11.498653412000067],[7.693496227000082,11.506787300000155],[7.697167874,11.512367249000079],[7.705879212000127,11.526314735000028],[7.712043763000111,11.537922859000162],[7.714498043000162,11.546717644000182],[7.715526104000048,11.55711078600018],[7.710020066000084,11.565354347000039],[7.713192940000056,11.573236466000026],[7.71855783400008,11.574913025000058],[7.7252631180001,11.58145236900009],[7.731771945000162,11.585219382999981],[7.734751225000082,11.590099334000115],[7.737967015000038,11.594753265000122],[7.742590905000043,11.599189758000136],[7.750513076000118,11.602513313000031],[7.757029056000135,11.605817795000064],[7.76729488400008,11.608938217000173],[7.772668839000175,11.610153198999967],[7.786687851000181,11.613085746000081],[7.792794227,11.612236024000083],[7.803290844000173,11.615589141000157],[7.815814971000179,11.624962806999974],[7.824635029000035,11.63106632299997],[7.833234787000151,11.636241914000038],[7.842754841000044,11.642582893000053],[7.849112988000059,11.640349389000164],[7.862212180000085,11.64211845400007],[7.878810883000085,11.64485073200018],[7.886559963000025,11.643786430000034],[7.89520692800005,11.645503045000055],[7.899374961000035,11.649011612000038],[7.901216982999983,11.651894569999968],[7.903398037000159,11.649050714000055],[7.90579986500012,11.644932746000052],[7.908193112000163,11.641500473000178],[7.90890884300012,11.640585900000076],[7.912233829000115,11.637397766000106],[7.917892934000179,11.634931565000045],[7.928691865000076,11.633678436000025],[7.93525981800002,11.633297921000064],[7.942536831000041,11.632464409000022],[7.945774078000113,11.633655548000092],[7.950058937000165,11.635095597000145],[7.957718850000049,11.637042046000147],[7.961997033000102,11.638022422000063],[7.965827943000022,11.638996125000119],[7.967861176000099,11.639945985000168],[7.969429016000163,11.639736175000053],[7.971199989000013,11.637918472000024],[7.971982001000072,11.631713867000087],[7.972009182000136,11.631477356000175],[7.970100880000132,11.623388291000083],[7.968897819000176,11.617384910000169],[7.96838283500017,11.612539291000076],[7.96739816600018,11.606306076000067],[7.967337130999965,11.601697922000028],[7.967296124000086,11.598699570000065],[7.970557212000074,11.591142655000169],[7.972776891000137,11.589330673000177],[7.977702142000055,11.588246345000186],[7.980375767000055,11.586898804000157],[7.98322486800015,11.581871033000084],[7.98493385300003,11.575444222000044],[7.98548316900019,11.566467286000034],[7.988756180000053,11.559601785000098],[7.989561079999987,11.552700997000045],[7.99130010600004,11.548575401000107],[7.993048191000128,11.545145035000189],[7.998120784000037,11.538534165000101],[8.00407886500011,11.531011582000019],[8.009411812000053,11.527167320000103],[8.012312888999986,11.525824547000127],[8.018778801000167,11.522688865000191],[8.02145862499998,11.521572113000161],[8.027942658000143,11.519817353000121],[8.029891967000026,11.514542581000114],[8.032011986000043,11.505357743000104],[8.032709122000142,11.490856171000132],[8.031749725000111,11.486233712000057],[8.029401779000125,11.478832245000035],[8.029869079000093,11.475811959000112]]]]}},
{"type":"Feature","properties":{"fid":35,"GID_2":"NGA.20.35_1","GID_0":"NGA","COUNTRY":"Nigeria","GID_1":"NGA.20_1","NAME_1":"Kano","NL_NAME_1":"NA","NAME_2":"Shanono","VARNAME_2":"NA","NL_NAME_2":"NA","TYPE_2":"Local Authority","ENGTYPE_2":"Local Authority","CC_2":"NA","HASC_2":"NA"},"geometry":{"type":"MultiPolygon","coordinates":[[[[7.998095990000081,12.133397103],[7.998785972000178,12.130737305000025],[7.99578714400019,12.110870362000128],[7.994350910000037,12.096326828000144],[7.994581223000182,12.07995796300014],[7.995409011999982,12.071206093000058],[7.996850967,12.051856041000065],[8.001119614000174,12.048446655000021],[8.01354789700008,12.047908784000015],[8.039985658000035,12.051224709000053],[8.065032006000081,12.053372383000124],[8.07488727599997,12.052570343000184],[8.091235162000089,12.040086747000032],[8.092801095000084,12.028804779000041],[8.097438812,12.015718461000176],[8.098253251000187,12.007889749000071],[8.099299430000144,12.000062942000056],[8.098534584000106,11.987833024000111],[8.101663590000157,11.981876373000091],[8.106680870000162,11.975480080000125],[8.110690116000058,11.973451615000101],[8.117020607000086,11.973299028000156],[8.122880935000012,11.973136903000182],[8.126660347000097,11.971109389999981],[8.133523941000078,11.96634960199998],[8.133575439000083,11.965463638000074],[8.133840561,11.96059131700008],[8.128275872000131,11.956372262000116],[8.12385368300005,11.954014779000033],[8.120368957000039,11.951895715000035],[8.11454391400008,11.949519158000101],[8.109395028000051,11.948993684000129],[8.104952812000022,11.948248864000163],[8.095312118000095,11.950439454000048],[8.084505081000032,11.952383995000105],[8.066640854000127,11.956087114000127],[8.053515434000019,11.956157685000051],[8.046285630000114,11.953535079000119],[8.039790154,11.948843957000122],[8.032604217000085,11.943223954000075],[8.027330399,11.934859277000101],[8.02514171700011,11.932261467000103],[8.022217750000038,11.93180084300019],[8.017551422000111,11.930359841000154],[8.009518623000076,11.934872627000175],[8.006446839000148,11.936679840000011],[8.003836631000183,11.938955306000025],[7.998802185000159,11.946964264000087],[7.992438792000087,11.949422837000043],[7.991725921000182,11.950106621000145],[7.988416194000138,11.952141762000053],[7.981610775000092,11.952750205000029],[7.97179222200009,11.951018333999968],[7.962471007999966,11.947216988000037],[7.954073907,11.944347381],[7.941012860000171,11.939809799000102],[7.929586887000085,11.935750008000184],[7.920014858000059,11.933099747000028],[7.912789821999979,11.930244446000131],[7.90999078700014,11.929286958000148],[7.904728890000058,11.936833382000145],[7.903269769000019,11.940505029000064],[7.900339127000052,11.949001312000064],[7.897020816000179,11.951497079000092],[7.891838073000088,11.953509331000134],[7.884494782000104,11.958953858000029],[7.881871224000122,11.962149620000105],[7.876596927000037,11.970617295000068],[7.869472980000126,11.977218629000049],[7.865674019000096,11.980632782000157],[7.862822056000141,11.983364105000135],[7.848295213000142,11.985036850000029],[7.840806007000083,11.987722396000038],[7.837570190000122,11.987070083000162],[7.841843128000164,12.002065658],[7.84217119300007,12.015228272000172],[7.839294911000081,12.022587777000069],[7.837844848000088,12.027420044000166],[7.839568139000164,12.041060448000053],[7.838910103000046,12.059292793000054],[7.839229108000097,12.073377610000023],[7.839818955000112,12.083772660000022],[7.840291023000077,12.105250359000138],[7.839425087000052,12.121171952000054],[7.83737802600001,12.138465882000105],[7.837130070000114,12.162241935999987],[7.832386970000073,12.191972732000067],[7.830787182000051,12.211119652000093],[7.831976891000181,12.230986595000161],[7.833855151000137,12.24698925000007],[7.833901883000124,12.247399330000064],[7.835198879000131,12.257110597],[7.838171006000096,12.262913704000141],[7.850628852000057,12.275281906000089],[7.859322072000055,12.282320023000068],[7.862925053000026,12.274994850000155],[7.864878177000151,12.266708374000018],[7.87145805300014,12.261938096000051],[7.87239885200006,12.261257172],[7.893941879000067,12.23081016500015],[7.898029803999975,12.219087601000069],[7.904870034,12.211780548000092],[7.91101694200006,12.203775406000148],[7.933960915000114,12.195034028],[7.942502975000082,12.181283951000182],[7.9510002130001,12.171689034000053],[7.964344026000049,12.166528702000164],[7.982466220000049,12.157979965000095],[7.994136810000043,12.144746782000027],[7.995563984,12.1431493770001],[7.998095990000081,12.133397103]]]]}},
{"type":"Feature","properties":{"fid":36,"GID_2":"NGA.20.36_1","GID_0":"NGA","COUNTRY":"Nigeria","GID_1":"NGA.20_1","NAME_1":"Kano","NL_NAME_1":"NA","NAME_2":"Sumaila","VARNAME_2":"NA","NL_NAME_2":"NA","TYPE_2":"Local Authority","ENGTYPE_2":"Local Authority","CC_2":"NA","HASC_2":"NA"},"geometry":{"type":"MultiPolygon","coordinates":[[[[9.0800428390001,11.323057175000031],[9.071510314000136,11.321589469000116],[9.031408310000131,11.296554566000054],[9.020559312000103,11.27898597799998],[8.999037743000088,11.261472702000106],[8.980991363000157,11.244014739000079],[8.971805572000108,11.23792171600013],[8.963708878000034,11.232552529000088],[8.960913659000141,11.22510528600003],[8.960919380000178,11.224710465000101],[8.944037438000123,11.212577821000082],[8.922189712000034,11.18507766700003],[8.901162147000093,11.146995545000038],[8.873487473000182,11.112731935000113],[8.856869697000093,11.095671653000011],[8.824013709000099,11.087586404000092],[8.780293465000057,11.090094567000051],[8.771566391000079,11.086458206000032],[8.770705224000153,11.090521812000134],[8.767306327000028,11.096950531000118],[8.763903618000143,11.10176658600011],[8.761440277000133,11.11375141200017],[8.758506775000058,11.121803285000169],[8.751689910000096,11.128663064000079],[8.746250153000062,11.137847902000146],[8.742410660000075,11.147967339000161],[8.739922524000121,11.153485299000181],[8.735376358,11.157363891000102],[8.728568077000034,11.16607284700018],[8.719465255000046,11.171526910000182],[8.713327408000168,11.177007675000084],[8.712899208000067,11.184162140000069],[8.703343392000079,11.190072059000101],[8.698798179000164,11.194183349000127],[8.693567276000181,11.198748588000115],[8.687668800000097,11.206770897000126],[8.683156014000076,11.219889641000066],[8.684564590000093,11.230986596000093],[8.68551063600006,11.239770890000045],[8.689640045000033,11.24697113000019],[8.69148635900001,11.252761841000108],[8.694934845999967,11.260185242000148],[8.701113700000178,11.266249656000127],[8.705239296000116,11.271598817000097],[8.713693620000072,11.276301385000181],[8.721008300000108,11.280990602000145],[8.729245186000014,11.288231849],[8.733141899000145,11.294041634000109],[8.737506866000047,11.302396774999977],[8.740724564,11.30935668900014],[8.742815017000055,11.319306375000053],[8.745581626999979,11.327415467000037],[8.748566627000059,11.333909989000063],[8.753179550000084,11.347810745000061],[8.755502701000012,11.359377860000109],[8.757371902000045,11.371173858000191],[8.75808715800008,11.379722596000136],[8.756924627999979,11.381620407000071],[8.757412911000131,11.382024766000029],[8.760387420000143,11.385057449000044],[8.765421866000167,11.389493942000058],[8.768181800999969,11.395986558000061],[8.771150589000115,11.397399902000132],[8.775946617000102,11.39906597200013],[8.781882285000052,11.400738716000149],[8.78940010000008,11.399198533000174],[8.792374611000128,11.401536941000018],[8.797643661000166,11.408515930000078],[8.803359985999975,11.412728310000091],[8.80702686300009,11.417382241000098],[8.80705738,11.425234796000154],[8.810542106000071,11.442585946000122],[8.813995362000128,11.451627733000123],[8.818126678,11.458823205000044],[8.822718621000092,11.467642783000088],[8.825252532000036,11.474824905000105],[8.830287933000022,11.479031562000102],[8.834855080000182,11.481618881000031],[8.838286400000015,11.483960153000169],[8.842636109000125,11.488853455000026],[8.842429162000144,11.494391442],[8.84382152500018,11.501100541000085],[8.84498214700011,11.506424903000095],[8.841830254000172,11.517478943000071],[8.846194266000111,11.526063919000023],[8.850329400000135,11.533954621000078],[8.857199669000067,11.542334556000071],[8.862690926000084,11.546315193000169],[8.870223045000046,11.548465728000053],[8.877530097000147,11.551077843000087],[8.883700370999975,11.554603576000034],[8.889636994000114,11.55696868900003],[8.897626876000061,11.559127808000085],[8.905379295000103,11.558973312999967],[8.910856246000037,11.559952736000128],[8.914962769000113,11.560221672000182],[8.920194626000182,11.557272911000155],[8.925428391000025,11.553860664000183],[8.931792260000179,11.548151971000095],[8.938617707000105,11.543829918000142],[8.942481041,11.539941788000135],[8.946110726000086,11.535128593000081],[8.950881959000014,11.530325890000142],[8.955424309000023,11.524828911000156],[8.956900596000025,11.522555351000165],[8.960636139000087,11.516799927000022],[8.96335983400013,11.512900352000031],[8.964260101000093,11.509215356000141],[8.966199875000029,11.503938673999983],[8.966291429000137,11.503694535000136],[8.966285706000122,11.502308845000073],[8.966277123,11.49953842300016],[8.969882965000124,11.496257782000043],[8.969778062000046,11.484304429000019],[8.967592240000045,11.485466003000056],[8.96553897900003,11.485445977000154],[8.963025093000056,11.484265327000173],[8.960737228000028,11.481472969000038],[8.957761764000054,11.479131699000163],[8.957495689000154,11.478735923000102],[8.954784392000079,11.474715232000051],[8.953391074000081,11.468237875999989],[8.951101302000154,11.465904237000132],[8.948815345000128,11.464267730000131],[8.948794364000037,11.458724975000109],[8.948322297000175,11.454333304999977],[8.952631951000058,11.448143005000134],[8.953986167000039,11.443997383000124],[8.955119133000153,11.442393303000074],[8.958046913000089,11.437952995000046],[8.95874691,11.436888695000107],[8.96214962,11.431610107000154],[8.965791702999979,11.42979812700014],[8.968534469000076,11.430344583000078],[8.968628883000065,11.430508613000143],[8.96930885300003,11.432324411000081],[8.97084045400004,11.436421394999968],[8.97428607900008,11.443932534000169],[8.978728294,11.450104714000133],[8.980950356000051,11.453077316000076],[8.984911919000183,11.455624580000176],[8.989118576000124,11.458175660000052],[8.991847039000049,11.458669663000137],[8.994326592000107,11.458934785000054],[8.99706554300019,11.456266403000086],[8.996833802000083,11.452193260000115],[8.996110916000134,11.446306229000186],[8.996135712000068,11.439750671000127],[8.996653557000172,11.434109687000046],[8.996430396000108,11.427325248999978],[8.995456695000087,11.42233944000003],[8.997220993000042,11.414681434000045],[8.998723031000168,11.411767960000191],[9.006175995000092,11.408944130000123],[9.016620637000074,11.402552605000039],[9.02655601500004,11.399316789000181],[9.032266618000108,11.398501396000142],[9.038215637,11.399724961],[9.042201996000074,11.395943641000144],[9.042954444000145,11.393696786000135],[9.047436714000128,11.389019966000092],[9.053426742000113,11.380071640000097],[9.053461076000133,11.370806693000077],[9.057458878000148,11.363862992000122],[9.060460091000039,11.35667705600008],[9.066191673000162,11.350209236000182],[9.071169853000129,11.34711647000006],[9.074157716000173,11.344673156000056],[9.075913428000149,11.339503289000106],[9.078905106000036,11.335931779000191],[9.078944204999971,11.32486152700011],[9.0800428390001,11.323057175000031]]]]}},
{"type":"Feature","properties":{"fid":37,"GID_2":"NGA.20.37_1","GID_0":"NGA","COUNTRY":"Nigeria","GID_1":"NGA.20_1","NAME_1":"Kano","NL_NAME_1":"NA","NAME_2":"Takai","VARNAME_2":"NA","NL_NAME_2":"NA","TYPE_2":"Local Authority","ENGTYPE_2":"Local Authority","CC_2":"NA","HASC_2":"NA"},"geometry":{"type":"MultiPolygon","coordinates":[[[[9.224687577000054,11.34247970600012],[9.222376824000094,11.342052461000037],[9.188422203000073,11.32980346700009],[9.187183380000135,11.329557420000071],[9.169589995000081,11.319813729000089],[9.135617255999989,11.307813644000078],[9.117236137000134,11.309362411000109],[9.098804473000087,11.326272964000111],[9.0800428390001,11.323057175000031],[9.078944204999971,11.32486152700011],[9.078905106000036,11.335931779000191],[9.075913428000149,11.339503289000106],[9.074157716000173,11.344673156000056],[9.071169853000129,11.34711647000006],[9.066191673000162,11.350209236000182],[9.060460091000039,11.35667705600008],[9.057458878000148,11.363862992000122],[9.053461076000133,11.370806693000077],[9.053426742000113,11.380071640000097],[9.047436714000128,11.389019966000092],[9.042954444000145,11.393696786000135],[9.042201996000074,11.395943641000144],[9.038215637,11.399724961],[9.032266618000108,11.398501396000142],[9.02655601500004,11.399316789000181],[9.016620637000074,11.402552605000039],[9.006175995000092,11.408944130000123],[8.998723031000168,11.411767960000191],[8.997220993000042,11.414681434000045],[8.995456695000087,11.42233944000003],[8.996430396000108,11.427325248999978],[8.996653557000172,11.434109687000046],[8.996135712000068,11.439750671000127],[8.996110916000134,11.446306229000186],[8.996833802000083,11.452193260000115],[8.99706554300019,11.456266403000086],[8.994326592000107,11.458934785000054],[8.991847039000049,11.458669663000137],[8.989118576000124,11.458175660000052],[8.984911919000183,11.455624580000176],[8.980950356000051,11.453077316000076],[8.978728294,11.450104714000133],[8.97428607900008,11.443932534000169],[8.97084045400004,11.436421394999968],[8.96930885300003,11.432324411000081],[8.968628883000065,11.430508613000143],[8.968534469000076,11.430344583000078],[8.965791702999979,11.42979812700014],[8.96214962,11.431610107000154],[8.95874691,11.436888695000107],[8.958046913000089,11.437952995000046],[8.955119133000153,11.442393303000074],[8.953986167000039,11.443997383000124],[8.952631951000058,11.448143005000134],[8.948322297000175,11.454333304999977],[8.948794364000037,11.458724975000109],[8.948815345000128,11.464267730000131],[8.951101302000154,11.465904237000132],[8.953391074000081,11.468237875999989],[8.954784392000079,11.474715232000051],[8.957495689000154,11.478735923000102],[8.957761764000054,11.479131699000163],[8.960737228000028,11.481472969000038],[8.963025093000056,11.484265327000173],[8.96553897900003,11.485445977000154],[8.967592240000045,11.485466003000056],[8.969778062000046,11.484304429000019],[8.969882965000124,11.496257782000043],[8.966277123,11.49953842300016],[8.966285706000122,11.502308845000073],[8.966291429000137,11.503694535000136],[8.966199875000029,11.503938673999983],[8.969950675,11.503717423000069],[9.000892640000188,11.501895906000073],[8.995179177000068,11.55331421000011],[9.040066718000162,11.544336319000024],[9.075974464000012,11.544336319000024],[9.138001442000075,11.603096963000041],[9.170644760000073,11.603096963000041],[9.1771726610001,11.58351040000008],[9.206555367000078,11.593302727000037],[9.216348649,11.590037346000145],[9.222875595000062,11.570452691000185],[9.288166046000015,11.563922882000156],[9.314411164000148,11.572122574000048],[9.341605186000095,11.565418243000181],[9.355868339000097,11.547020913000097],[9.333945274000087,11.524945259000049],[9.318476676999978,11.50935363800005],[9.286773681000057,11.484127998000076],[9.253004074000046,11.453652383000133],[9.240965843000083,11.437438011000097],[9.230495452000184,11.405654908000145],[9.223441124000033,11.378216743000166],[9.228278160000059,11.35185432500009],[9.224687577000054,11.34247970600012]]]]}},
{"type":"Feature","properties":{"fid":38,"GID_2":"NGA.20.38_1","GID_0":"NGA","COUNTRY":"Nigeria","GID_1":"NGA.20_1","NAME_1":"Kano","NL_NAME_1":"NA","NAME_2":"Tarauni","VARNAME_2":"NA","NL_NAME_2":"NA","TYPE_2":"Local Authority","ENGTYPE_2":"Local Authority","CC_2":"NA","HASC_2":"NA"},"geometry":{"type":"MultiPolygon","coordinates":[[[[8.526907920000042,11.988106727000115],[8.526258469000027,11.986714364000136],[8.527470589000131,11.971908570000039],[8.532427788000064,11.971940994000079],[8.531868935000091,11.963605881000092],[8.538082123000095,11.959479333000047],[8.54517078300006,11.959056855000085],[8.561415672000066,11.96124267600004],[8.562168122000173,11.961162567000088],[8.561893463999979,11.961014747000092],[8.560354232000179,11.954755784000156],[8.562995910999973,11.952225685000144],[8.566382409000084,11.947617532000152],[8.567140580000171,11.947097778000114],[8.564757348000171,11.946217537000052],[8.557953834000159,11.943861960999982],[8.550031663000084,11.93825721800016],[8.537840844000129,11.933783531000131],[8.528861045999975,11.934424401],[8.520604134000166,11.934141160000138],[8.517386436000038,11.92949199800006],[8.504775047000066,11.926533699000117],[8.509605409000073,11.941943169000069],[8.509533883000188,11.958838463000177],[8.503512383000043,11.965511322999987],[8.503367424000032,11.965573311000185],[8.506217957000104,11.972472192000168],[8.507328034000011,11.976414681000108],[8.510038376000125,11.983142854],[8.511762620000127,11.988356591000183],[8.518679619000181,11.988057137000112],[8.526907920000042,11.988106727000115]]]]}},
{"type":"Feature","properties":{"fid":39,"GID_2":"NGA.20.39_1","GID_0":"NGA","COUNTRY":"Nigeria","GID_1":"NGA.20_1","NAME_1":"Kano","NL_NAME_1":"NA","NAME_2":"Tofa","VARNAME_2":"NA","NL_NAME_2":"NA","TYPE_2":"Local Authority","ENGTYPE_2":"Local Authority","CC_2":"NA","HASC_2":"NA"},"geometry":{"type":"MultiPolygon","coordinates":[[[[8.215929032000076,12.008314134000102],[8.217414857000165,12.00983619699997],[8.217892647000099,12.012146951000034],[8.22156715400007,12.018183709000027],[8.226192474000129,12.027922630000148],[8.228531838000094,12.034865380000156],[8.226498602999982,12.050271987000087],[8.221904755000025,12.064266205000138],[8.220156670000108,12.08868503500014],[8.216247560000113,12.094362259000036],[8.239598274,12.08869171200007],[8.254801751000059,12.084288597000182],[8.269963264000125,12.076663016999987],[8.281962394000118,12.067609787000038],[8.291767121000021,12.062444688000141],[8.299059868000086,12.054021836000118],[8.311511039000095,12.045204162000061],[8.320634841000071,12.039339064999979],[8.324869155000101,12.037092209999969],[8.335316659000171,12.029632568000068],[8.345311165000055,12.021702766000146],[8.35733318299998,12.014496803000156],[8.361759186000029,12.009719849000135],[8.37153244100017,12.002245904000176],[8.3748283380001,11.996994973000142],[8.380824089000157,11.992238998000175],[8.387281417000111,11.988409996000087],[8.398142816000188,11.978420258000085],[8.404180526000061,11.976660728000127],[8.405677796000134,11.974164963000135],[8.406617165000171,11.974389076000136],[8.408626557000161,11.976449013000092],[8.408193589,11.974641801000132],[8.407461167000179,11.970253945000024],[8.406285285000024,11.966322899000033],[8.406034470000179,11.964473724000015],[8.404811858000073,11.960850717000028],[8.403693199000145,11.957531929000083],[8.400467872000036,11.951498986000161],[8.397909165000158,11.945014955000033],[8.394952774000046,11.942209244000139],[8.390123367000058,11.933852197000135],[8.387138367000148,11.928972244000022],[8.38509464200007,11.927335739000057],[8.382540702000142,11.921079636000172],[8.380945205000046,11.919445037000173],[8.382980348000103,11.916191102000141],[8.367580414000088,11.910740852],[8.345354080000163,11.910669328000154],[8.32025623300018,11.91378402700019],[8.311012268000127,11.927251815000034],[8.300943374000155,11.946003914000016],[8.289036751000083,11.961736679000126],[8.27997493800018,11.971982003000164],[8.273392677000118,11.983181954000031],[8.256526947000111,11.997465133000105],[8.248991967,12.004505158000086],[8.23667812399998,12.006871224000065],[8.228136062000033,12.006064416000129],[8.215929032000076,12.008314134000102]]]]}},
{"type":"Feature","properties":{"fid":40,"GID_2":"NGA.20.40_1","GID_0":"NGA","COUNTRY":"Nigeria","GID_1":"NGA.20_1","NAME_1":"Kano","NL_NAME_1":"NA","NAME_2":"Tsanyawa","VARNAME_2":"NA","NL_NAME_2":"NA","TYPE_2":"Local Authority","ENGTYPE_2":"Local Authority","CC_2":"NA","HASC_2":"NA"},"geometry":{"type":"MultiPolygon","coordinates":[[[[8.10475730800016,12.189594268000064],[8.105108262000101,12.186442376000059],[8.102799415999982,12.183877945000063],[8.09675312000013,12.180577278000101],[8.089029311000104,12.179791450999971],[8.087976456000092,12.17147731700004],[8.083908081,12.160821915000042],[8.07465362500011,12.152176857000086],[8.067904473000169,12.14886760700017],[8.06067562000004,12.146245002000171],[8.052439689000096,12.148680686000091],[8.043732643000169,12.151110650000021],[8.033117294000022,12.156056403999969],[8.024308205000068,12.149031640000146],[8.018571854000186,12.14043045000011],[8.012117386999989,12.132744789000014],[8.006095887000072,12.127826691000053],[7.999918938000121,12.133518218000177],[7.998095990000081,12.133397103],[7.995563984,12.1431493770001],[7.994136810000043,12.144746782000027],[7.982466220000049,12.157979965000095],[7.964344026000049,12.166528702000164],[7.9510002130001,12.171689034000053],[7.942502975000082,12.181283951000182],[7.933960915000114,12.195034028],[7.91101694200006,12.203775406000148],[7.904870034,12.211780548000092],[7.898029803999975,12.219087601000069],[7.893941879000067,12.23081016500015],[7.87239885200006,12.261257172],[7.87145805300014,12.261938096000051],[7.864878177000151,12.266708374000018],[7.862925053000026,12.274994850000155],[7.859322072000055,12.282320023000068],[7.861032962000081,12.283705711000152],[7.864953041000149,12.287673950000112],[7.86818504300004,12.29094028500009],[7.870491981000157,12.293273927000087],[7.875597,12.295637130000159],[7.885553836000156,12.301980019000155],[7.900629043000038,12.30975913900005],[7.909434795000152,12.314702034000163],[7.922195911000131,12.320611953000025],[7.928439141000126,12.325526238000123],[7.939106941000148,12.330949783999984],[7.948162079999975,12.334509849000142],[7.961403848000145,12.339038849000019],[7.978613854000173,12.343148231000043],[8.000233650000041,12.349150658000099],[8.019977570000094,12.356060029000105],[8.044381141000031,12.363475799000128],[8.062511443000176,12.368749619000027],[8.066809655000156,12.370702745000131],[8.070163727000022,12.367058754000027],[8.070506096000031,12.356681823000031],[8.074003219000133,12.349117279000097],[8.074328422000121,12.348415375000116],[8.06807231900018,12.344656944000121],[8.059743881000145,12.338332176000108],[8.053292274000057,12.331339836000097],[8.050537110000164,12.327153207000038],[8.052494049000188,12.318640710000125],[8.060496331000024,12.311577797000041],[8.061491966000119,12.305587769000056],[8.065852164999967,12.294338227000026],[8.06925487400008,12.28561782800017],[8.073600768000119,12.276679039000157],[8.073410034000119,12.273677826000096],[8.073892594000085,12.272530557000096],[8.07640171100013,12.260803223000039],[8.082902908999984,12.248661996000067],[8.088791846999982,12.229825021000181],[8.087732315000096,12.22197055800018],[8.094941140000117,12.209377288000042],[8.104031563999968,12.196111679000126],[8.10475730800016,12.189594268000064]]]]}},
{"type":"Feature","properties":{"fid":41,"GID_2":"NGA.20.41_1","GID_0":"NGA","COUNTRY":"Nigeria","GID_1":"NGA.20_1","NAME_1":"Kano","NL_NAME_1":"NA","NAME_2":"Tudun Wada","VARNAME_2":"NA","NL_NAME_2":"NA","TYPE_2":"Local Authority","ENGTYPE_2":"Local Authority","CC_2":"NA","HASC_2":"NA"},"geometry":{"type":"MultiPolygon","coordinates":[[[[8.771566391000079,11.086458206000032],[8.76384925800005,11.083239555000091],[8.750066757000013,11.056770325000059],[8.738031388000138,11.010445594000089],[8.731818199000031,10.96268653900006],[8.729194641000049,10.965419769000107],[8.724880219000113,10.969765663000146],[8.716705323000156,10.979384422000123],[8.715367318,10.987913131000084],[8.710152626000024,10.995714189000068],[8.70422744800004,10.997040749],[8.69921302900002,10.997452736000071],[8.695566177999979,10.998339652000141],[8.685335158999976,11.006320954000046],[8.677839280000171,11.014329911000061],[8.673530578,11.021215439000059],[8.673583985000107,11.035992622000151],[8.672742843000094,11.054689408000115],[8.670497893000174,11.064364433000094],[8.667339325000114,11.073569297],[8.663935661000096,11.078615189000061],[8.652100563000147,11.084272383999973],[8.640955924000025,11.092245102000106],[8.634594918000062,11.098649025000157],[8.632555008000054,11.102553368000031],[8.630741120000039,11.105537415000072],[8.62826061200019,11.11313056900002],[8.62851619800017,11.120754243000022],[8.628993033000086,11.126071930000137],[8.629249573000038,11.134153365999964],[8.629270554000072,11.139696121000043],[8.629058839000038,11.144081116],[8.62931823800011,11.15262794500012],[8.629357338000148,11.162788391000049],[8.627568244000088,11.172927856000115],[8.624205589000098,11.188599587000112],[8.622647286000074,11.198743820000061],[8.622886657000038,11.201977730000124],[8.621781350000163,11.211203573999967],[8.620669366000186,11.219043732000102],[8.616596222000169,11.227778436000051],[8.609095573000104,11.233938217000173],[8.601114272000075,11.234324455000149],[8.58695221,11.227716446000045],[8.57392215800013,11.219507218000103],[8.563640594000162,11.213864326000021],[8.556315422000125,11.206865311000115],[8.551054954000108,11.202656746000173],[8.54372596800016,11.193579673000045],[8.534118652000132,11.186095238000121],[8.526796342000011,11.178634643],[8.520850181000185,11.174188615000048],[8.512851716000171,11.169721603000085],[8.501861573000099,11.158299445000068],[8.495911596999974,11.152467726999987],[8.487225533000014,11.146841048000113],[8.487054825000087,11.146566391000022],[8.486820221000073,11.146718025000155],[8.463429450000149,11.171684265000124],[8.439828871999964,11.189731598000094],[8.421059609000167,11.203436853000142],[8.381517409000139,11.21279335100013],[8.364207268000087,11.214490891000082],[8.336635589000082,11.212397575000068],[8.31194686900011,11.221194267000158],[8.294274331000167,11.235830308000118],[8.279509544000064,11.26182079400013],[8.255123139000148,11.286963464000166],[8.227670670000066,11.298329353999975],[8.202651022999987,11.304466247000164],[8.208658219000029,11.30585670500011],[8.227096557999971,11.307616234000136],[8.234234810000146,11.308685302000129],[8.247604369000157,11.30758857800015],[8.252018928999973,11.302408218000153],[8.257761954999978,11.30138302000006],[8.26492595600007,11.300615311000058],[8.280366897000022,11.302773475000095],[8.287887574000138,11.304992676000097],[8.294795990000068,11.306715965000137],[8.298879624000108,11.308601380000084],[8.301296235000109,11.310702324000033],[8.303244591000066,11.311874389000081],[8.304553033000104,11.312812805000135],[8.307253837000133,11.31630039200013],[8.308226585000114,11.318849563000072],[8.308016777000034,11.318847656],[8.306266785000162,11.319936752000046],[8.308373452000126,11.321623803000136],[8.312209129000166,11.326740266000058],[8.314895630000137,11.330001831000175],[8.319928168000104,11.333976745000086],[8.32428073900013,11.337017060000051],[8.329695701000162,11.340300561],[8.334257125000079,11.343345641000099],[8.340353965000077,11.347561836000125],[8.34619998900007,11.351080894000177],[8.352749824000114,11.355991364000033],[8.356496812000159,11.359491348000063],[8.359988213000122,11.362065316000042],[8.362383843000089,11.363702775000093],[8.362182618000077,11.363933562999989],[8.365537643000096,11.367892266000069],[8.369522095000093,11.371855737000033],[8.373293876000162,11.375817300000165],[8.378413201000114,11.381407737000018],[8.383962631000088,11.387232779999977],[8.385958672000129,11.389329911000061],[8.38863277500019,11.396286012000132],[8.390259744000048,11.399303436000082],[8.393824578000135,11.403264998999987],[8.395635606000042,11.405821801000172],[8.398693084000058,11.412087440000164],[8.398857117000034,11.412955283000144],[8.398939133000113,11.412781715000165],[8.40262222299998,11.403114319000167],[8.403373718000125,11.401505471000064],[8.408583640000074,11.396932602],[8.411138535000134,11.393724442000121],[8.414339065000092,11.386822701000085],[8.416354179000052,11.381300927000098],[8.422522545000049,11.379046439000092],[8.426041603000101,11.374227524000048],[8.426634788000058,11.373541831000068],[8.43073272800018,11.371732712000039],[8.437136650000184,11.369943620000186],[8.438371658000051,11.369495392000033],[8.441408158000115,11.367443085000104],[8.444456101000128,11.365621567000062],[8.446209908000185,11.363097192000168],[8.449739456000032,11.362438201000089],[8.451381683000079,11.36176204700007],[8.4514303200001,11.362685205000105],[8.452047349000111,11.362461090000124],[8.455614089000164,11.358566284000062],[8.459354401000041,11.357907296000121],[8.463265420000084,11.356557845999987],[8.469300270000076,11.355691910000132],[8.475161552000088,11.351587295000058],[8.481444359000079,11.347487450000187],[8.486913681000146,11.34384346000013],[8.492935180000188,11.338816644000076],[8.500219344000186,11.333806039000024],[8.509079934,11.330885887000136],[8.516239167000037,11.327487946000133],[8.526814460000139,11.325275422000175],[8.53602886200008,11.325128555000049],[8.544938087000162,11.327061653000101],[8.551525116000107,11.328739167000151],[8.563155173000041,11.329773903000159],[8.568973541000048,11.334932327000104],[8.575280189000125,11.340517999000042],[8.578489304000186,11.345167159000141],[8.58488368899998,11.347769738000125],[8.590600967,11.351518632000136],[8.597688674000153,11.356670380000082],[8.60249328600014,11.360873223000112],[8.611632347000011,11.365812302000109],[8.617343902000187,11.368871690000105],[8.625112534000095,11.373334884000087],[8.629006386000071,11.377760887000079],[8.63792037900015,11.382927896000126],[8.644780158000117,11.388306618],[8.650957107000011,11.393447876000153],[8.66192817700005,11.3997888560001],[8.670830726000077,11.402878761000011],[8.679062844000157,11.408271789000025],[8.685932159,11.415959359000169],[8.692334176000088,11.420870781000133],[8.69347572300012,11.421342851000077],[8.697150230000148,11.428077697000106],[8.699895858000104,11.430875778000029],[8.704252242000166,11.436921121000125],[8.708138467000083,11.439730645000054],[8.713625909000086,11.443477631000121],[8.717976570000076,11.448600769000166],[8.720918656000151,11.457241057999966],[8.721179008000036,11.451403617000096],[8.724137307000092,11.449587822000012],[8.726849556000047,11.442916870000147],[8.730004311000073,11.432326316000172],[8.736119271000121,11.421071053000162],[8.743382454000027,11.411907196000186],[8.74859237700008,11.402261734000035],[8.751063346000137,11.391892434000056],[8.754008294000073,11.386381150000034],[8.756924627999979,11.381620407000071],[8.75808715800008,11.379722596000136],[8.757371902000045,11.371173858000191],[8.755502701000012,11.359377860000109],[8.753179550000084,11.347810745000061],[8.748566627000059,11.333909989000063],[8.745581626999979,11.327415467000037],[8.742815017000055,11.319306375000053],[8.740724564,11.30935668900014],[8.737506866000047,11.302396774999977],[8.733141899000145,11.294041634000109],[8.729245186000014,11.288231849],[8.721008300000108,11.280990602000145],[8.713693620000072,11.276301385000181],[8.705239296000116,11.271598817000097],[8.701113700000178,11.266249656000127],[8.694934845999967,11.260185242000148],[8.69148635900001,11.252761841000108],[8.689640045000033,11.24697113000019],[8.68551063600006,11.239770890000045],[8.684564590000093,11.230986596000093],[8.683156014000076,11.219889641000066],[8.687668800000097,11.206770897000126],[8.693567276000181,11.198748588000115],[8.698798179000164,11.194183349000127],[8.703343392000079,11.190072059000101],[8.712899208000067,11.184162140000069],[8.713327408000168,11.177007675000084],[8.719465255000046,11.171526910000182],[8.728568077000034,11.16607284700018],[8.735376358,11.157363891000102],[8.739922524000121,11.153485299000181],[8.742410660000075,11.147967339000161],[8.746250153000062,11.137847902000146],[8.751689910000096,11.128663064000079],[8.758506775000058,11.121803285000169],[8.761440277000133,11.11375141200017],[8.763903618000143,11.10176658600011],[8.767306327000028,11.096950531000118],[8.770705224000153,11.090521812000134],[8.771566391000079,11.086458206000032]]]]}},
{"type":"Feature","properties":{"fid":42,"GID_2":"NGA.20.42_1","GID_0":"NGA","COUNTRY":"Nigeria","GID_1":"NGA.20_1","NAME_1":"Kano","NL_NAME_1":"NA","NAME_2":"Ungogo","VARNAME_2":"NA","NL_NAME_2":"NA","TYPE_2":"Local Authority","ENGTYPE_2":"Local Authority","CC_2":"NA","HASC_2":"NA"},"geometry":{"type":"MultiPolygon","coordinates":[[[[8.487017631000072,12.029058455999973],[8.482297896999967,12.029030799999987],[8.470410347000154,12.025934219000021],[8.46475124400007,12.022630692000178],[8.455495834000089,12.018817901000091],[8.451169968000102,12.014385223000147],[8.445481301000029,12.009009361000153],[8.441155434000166,12.004575729000123],[8.439530373000082,12.000635147000025],[8.435197830000163,11.995739937],[8.431744575000153,11.989472389000127],[8.429148674000032,11.980222702000162],[8.430186272000071,11.974858284000049],[8.430614472000173,11.972640992000095],[8.432316780000178,11.96575260200018],[8.432708740000066,11.959314347000088],[8.428805350000061,11.959314347000088],[8.424155235000171,11.959314347000088],[8.419506072000161,11.957764625000152],[8.412533760000031,11.960088729000063],[8.406332017000182,11.960088729000063],[8.404811858000073,11.960850717000028],[8.406034470000179,11.964473724000015],[8.406285285000024,11.966322899000033],[8.407461167000179,11.970253945000024],[8.408193589,11.974641801000132],[8.408626557000161,11.976449013000092],[8.409576416000107,11.980382920000068],[8.407317161000151,11.992596627000182],[8.406441689000189,11.994198800000163],[8.406031608000092,11.996958732000053],[8.406049729000074,11.998337746000118],[8.405862808000165,12.00109958600018],[8.404130936000058,12.005685806000031],[8.403045655000028,12.008434297000179],[8.402640341999984,12.011654855000188],[8.401569366000047,12.015323640000076],[8.400031089000038,12.017837525000175],[8.399903298000027,12.024747849000107],[8.404686927000114,12.029650688000117],[8.410339355000076,12.032720565000034],[8.412210465000044,12.038272857999971],[8.41858959200016,12.045043945000032],[8.421803474000171,12.050153732000126],[8.423909188000152,12.056403160000116],[8.429579734000185,12.060626985000113],[8.43326282400011,12.067357063000088],[8.442163468000047,12.077842712000177],[8.444971085000077,12.086175920000073],[8.455397606000133,12.093455316000018],[8.464700699000048,12.100723266999978],[8.47378254,12.10821914800016],[8.487358094000058,12.115775108999969],[8.487510681000174,12.117151261000174],[8.489611627000102,12.116497040000127],[8.503006934999974,12.110918044000186],[8.511454583000102,12.105042459000117],[8.525176048000105,12.098265649000041],[8.527291298000137,12.08578109900003],[8.534056664000161,12.077027321000116],[8.538841249000029,12.073586465000176],[8.54245567300012,12.069441795999978],[8.555275917000188,12.065356254000164],[8.563968659000182,12.067494392000185],[8.584407806000172,12.07271289900001],[8.59523868600013,12.074167252],[8.607016563000059,12.075398445000189],[8.61576175600004,12.074756622000109],[8.624047278999967,12.073422432000029],[8.626887322000073,12.072975159000066],[8.63018226600019,12.073457719000032],[8.63157653899998,12.075037956000131],[8.630734445000144,12.069064140000023],[8.631592749999982,12.060737610000103],[8.629611970000042,12.052854538000133],[8.631200789000161,12.043377877000069],[8.621689796000055,12.034291268000061],[8.612562181000044,12.030068398000083],[8.600125313000092,12.026057243000082],[8.593598365000048,12.021618842000123],[8.585166932000106,12.018095970000161],[8.573698044000082,12.012701034000145],[8.568769456000155,12.011281012999973],[8.566106796000099,12.01142215700014],[8.56097221300007,12.011695862000124],[8.549947739000061,12.014112473000125],[8.548647880999965,12.014396669],[8.539887428000156,12.01596164700004],[8.526247024000043,12.013332367000089],[8.517780304000098,12.011658668000052],[8.508501052000099,12.015769005000095],[8.504910469000095,12.018522262000033],[8.502208710000104,12.024292945000127],[8.496982575000175,12.026110649999964],[8.492444992000117,12.029094697000062],[8.487017631000072,12.029058455999973]]]]}},
{"type":"Feature","properties":{"fid":43,"GID_2":"NGA.20.43_1","GID_0":"NGA","COUNTRY":"Nigeria","GID_1":"NGA.20_1","NAME_1":"Kano","NL_NAME_1":"NA","NAME_2":"Warawa","VARNAME_2":"NA","NL_NAME_2":"NA","TYPE_2":"Local Authority","ENGTYPE_2":"Local Authority","CC_2":"NA","HASC_2":"NA"},"geometry":{"type":"MultiPolygon","coordinates":[[[[8.829743385000086,11.962277412000049],[8.831322669000031,11.961701394000158],[8.835458756000037,11.960778236000181],[8.834669113000132,11.957574844000135],[8.83362483999997,11.945782661000123],[8.832929611999987,11.932612419],[8.833082199000103,11.923604965000095],[8.833803177999982,11.913449288000152],[8.832204818000093,11.903039933000116],[8.831842423000012,11.888253213000041],[8.831484794,11.883532524000145],[8.83114528599998,11.879007340000044],[8.833146095000075,11.869322778000026],[8.832869529000106,11.860080720000042],[8.824807167000017,11.846379280000065],[8.819318772000031,11.841709137000123],[8.812844276000078,11.838183404000176],[8.808241845000055,11.834444999000027],[8.805250168000043,11.825407983000105],[8.802751541000021,11.809909821000133],[8.798489571000175,11.796703337999986],[8.796887398000024,11.792922020000105],[8.796036721000064,11.793908119000093],[8.789409638,11.795462609000083],[8.772109032000117,11.801308631000097],[8.743863106,11.806357385000013],[8.716773034000141,11.817424774000131],[8.704527855000151,11.827703476000067],[8.697168350000027,11.839185716000145],[8.686784744000136,11.852947236000091],[8.678611756000123,11.860956191000128],[8.672104836000187,11.86874771100014],[8.66227912800008,11.873276711000074],[8.649360657000102,11.881226541000046],[8.635807037000063,11.890114785000037],[8.628832818000092,11.898223877000078],[8.621302605000096,11.904484748000016],[8.605017662000137,11.915607452000188],[8.604736329000048,11.91579914100015],[8.598718642000108,11.919833183000151],[8.59197044299998,11.930011750000062],[8.58215618100013,11.936838149999971],[8.57307624800012,11.943030357000112],[8.567140580000171,11.947097778000114],[8.566382409000084,11.947617532000152],[8.562995910999973,11.952225685000144],[8.560354232000179,11.954755784000156],[8.561893463999979,11.961014747000092],[8.562168122000173,11.961162567000088],[8.571475982999971,11.966164589000073],[8.577590942000143,11.966345787000137],[8.581383705000121,11.966457367000146],[8.58594226800011,11.962321281000015],[8.594505310000045,11.95866871000004],[8.607024194000076,11.954630853000026],[8.620247841000037,11.951008796000053],[8.63369941600007,11.954503059999979],[8.636541367000063,11.960066794999989],[8.644927978000055,11.965744019000056],[8.662531852000029,11.972303391000139],[8.679499625000176,11.977475166000033],[8.695125580000138,11.976886749000073],[8.705549239999982,11.97251987400017],[8.720237731000054,11.96228408900015],[8.723770141999978,11.953768729999979],[8.735286712000061,11.945562363000022],[8.750885010000161,11.943166733000055],[8.7588281620001,11.946703912000032],[8.764204979000112,11.953222274999973],[8.773073197000031,11.95838737400004],[8.783002853000085,11.963792800000022],[8.792143821000025,11.966185570000107],[8.805828094999981,11.967237474000115],[8.812923432000105,11.966611862000036],[8.81682300500006,11.965029718000039],[8.820770264999965,11.964373589],[8.824522018000152,11.963948250000101],[8.825873374000082,11.963636398000062],[8.829259873000069,11.962374688000068],[8.829743385000086,11.962277412000049]]]]}},
{"type":"Feature","properties":{"fid":44,"GID_2":"NGA.20.44_1","GID_0":"NGA","COUNTRY":"Nigeria","GID_1":"NGA.20_1","NAME_1":"Kano","NL_NAME_1":"NA","NAME_2":"Wudil","VARNAME_2":"NA","NL_NAME_2":"NA","TYPE_2":"Local Authority","ENGTYPE_2":"Local Authority","CC_2":"NA","HASC_2":"NA"},"geometry":{"type":"MultiPolygon","coordinates":[[[[8.831484794,11.883532524000145],[8.832780838000133,11.886183738000113],[8.835618973000066,11.888286592000043],[8.841548919000047,11.893424988000106],[8.847011567000152,11.897631645000104],[8.851045608000049,11.902521134000096],[8.855658532000177,11.906491280000125],[8.86019897500006,11.909074783000108],[8.863652229000138,11.910952569000074],[8.868374825000103,11.913075448000086],[8.870795248999968,11.911252023000145],[8.876005173000124,11.906680106000124],[8.878056527000183,11.901850700000068],[8.884353637000061,11.894054412000173],[8.887157441000056,11.887613298000133],[8.889884948000031,11.883710862000157],[8.89272499100008,11.881890297000098],[8.895392419000189,11.881221771000185],[8.899272918000179,11.882185936000099],[8.900107385000183,11.882735252000089],[8.901778221000086,11.881055833000119],[8.904279708,11.879463196000074],[8.907465935000118,11.877879144000133],[8.909054757000092,11.876046181000049],[8.910638809000091,11.872830390000161],[8.911315918000071,11.870065690000047],[8.909483909000073,11.868199348000132],[8.909255981000058,11.868197441000063],[8.909702302000142,11.865893365000034],[8.908772468000109,11.860802651000029],[8.905110359000048,11.857535363000068],[8.901907922000021,11.854731560000118],[8.900074959000165,11.852404595000053],[8.897093774000155,11.847990036000112],[8.893420219000063,11.841025352000088],[8.890894891000187,11.836152076000133],[8.885860443000183,11.832175255000152],[8.880148887000132,11.8286561970001],[8.87373828900013,11.822129249000113],[8.869162560000177,11.817926407000186],[8.865721703000133,11.812351226000089],[8.863417626000171,11.806095123000034],[8.859752654000147,11.801439285000072],[8.856315613000106,11.797249794000095],[8.853567124000108,11.794220924000115],[8.850807190000012,11.787496566000129],[8.850579262,11.78749465900006],[8.84897232100019,11.784709931],[8.848265648000051,11.778927803000158],[8.853939056000172,11.771133422000162],[8.857566834000124,11.765856741999983],[8.86120033200001,11.761046410000063],[8.866184235000048,11.752319336000085],[8.871185302000185,11.747982025000113],[8.874142646000109,11.746163369000101],[8.877774238000029,11.74111938600015],[8.878679276000128,11.739279747000069],[8.882536889000164,11.734701157000131],[8.88593959800005,11.729422570000111],[8.88956642100004,11.723456382999984],[8.892068863000134,11.721862793000128],[8.893877983000095,11.717955590000031],[8.897503853000046,11.711756707000063],[8.899767876000055,11.707161904000145],[8.902939797000045,11.701881409000123],[8.908162117000131,11.695236206000175],[8.912019730000054,11.690194130000066],[8.916320800000108,11.681693078000137],[8.919281959000045,11.680566788000021],[8.921786308000037,11.67966938100011],[8.924516679000135,11.678079604000118],[8.926330566,11.675327300000106],[8.927774429000181,11.673308373000111],[8.927005768000072,11.672329902000058],[8.927673338999966,11.667949677000138],[8.927897452000138,11.666798593000124],[8.929252625000117,11.663118363000081],[8.928104402000031,11.661027908000051],[8.927173615000015,11.656400681000036],[8.924880981000058,11.652914047000081],[8.922365188000185,11.651042937000113],[8.919623375000072,11.649860382000099],[8.916884421000134,11.648448943000119],[8.914362908000101,11.645422936000102],[8.912528037000072,11.642633438000018],[8.911609649000127,11.641008377000162],[8.908865928000012,11.638671875000114],[8.907482148000099,11.634501457000169],[8.905650139000159,11.632173538000018],[8.906768799000133,11.626874925000095],[8.906752586000152,11.622488022000141],[8.905371666000121,11.619009971000025],[8.903534888000024,11.615064621000101],[8.902152061000095,11.611589431000141],[8.900770188000081,11.607880592000129],[8.894153596000081,11.607122422000145],[8.888446808000026,11.605681419000177],[8.882046699000114,11.601229667999974],[8.87792873300009,11.597726822000084],[8.874957084000187,11.595851897999978],[8.869712830000026,11.596029282000131],[8.865157127000145,11.597369195000056],[8.863107681000031,11.597811699999966],[8.862202644000035,11.600113868000051],[8.860851288000106,11.604484558000024],[8.859959601000128,11.610481262],[8.85997772200011,11.615098953000086],[8.85908317500008,11.619939805000058],[8.857743262000156,11.627314567999974],[8.857973098000173,11.628703118000146],[8.856848718000037,11.632386208000014],[8.854131698000117,11.63767147100009],[8.85231590300009,11.640192031000083],[8.851420403000077,11.64457035099997],[8.850975990000165,11.64756965700019],[8.850082398000097,11.65310096800016],[8.847819327000025,11.657467843000063],[8.8455629340001,11.663448334000122],[8.843055724000124,11.66457653100008],[8.840318681000042,11.664089203000117],[8.839630126000031,11.663621902000045],[8.83619117700016,11.658044815000039],[8.834810258000175,11.654335976000027],[8.833649636000075,11.649245263000068],[8.833636283000146,11.645088196000131],[8.832481384000062,11.641152381000154],[8.830874443000027,11.638363838000089],[8.828149796000105,11.642033577000063],[8.826785087000076,11.643173218000129],[8.824973107000119,11.646157266000102],[8.822933196000179,11.649830818000112],[8.82066822000013,11.65350532500014],[8.818851470000141,11.65602970100008],[8.81635284500004,11.658772469000041],[8.813856126000132,11.661749839000151],[8.81112289500004,11.662878990000081],[8.808617593000065,11.663315773000079],[8.80199909300012,11.662556649000123],[8.797664642000029,11.661360741000124],[8.793558120000057,11.661089898000171],[8.790598869000064,11.662675857000067],[8.789688111000032,11.662667274000114],[8.78786659300016,11.663804055000128],[8.784009934000153,11.669077873000049],[8.779920578000031,11.673421861000122],[8.777191163000055,11.675012588000186],[8.773555755000189,11.678441047999968],[8.770372391000024,11.681180000000154],[8.766863824000097,11.686230659000159],[8.76314926200007,11.687350274000153],[8.761460303000035,11.687101364000171],[8.758485794000023,11.686381341000185],[8.755118371000037,11.686119081000129],[8.752698898000119,11.687945366000179],[8.750735283000097,11.690469742000118],[8.747797012999968,11.694367410000041],[8.744378090000168,11.697107316000086],[8.740143777000014,11.700302125000178],[8.736701965000179,11.698652267999989],[8.732138633999966,11.695607186000132],[8.728155135000179,11.691643715],[8.726306916000112,11.688390732000073],[8.726210594000122,11.688224792000028],[8.726159096000117,11.689544679000051],[8.726204871000107,11.694396974000028],[8.726298333000045,11.704098701000078],[8.724835397000106,11.716098786000089],[8.724327088000052,11.722328185000094],[8.726860999000053,11.726505281000016],[8.730527878000146,11.732549667000114],[8.736385346000191,11.736298562000059],[8.74070358299997,11.738648415000057],[8.745722771000146,11.742392540000139],[8.753027916000178,11.745693207000102],[8.758834840000134,11.748521805000053],[8.762240410000175,11.74947357200017],[8.767631530000187,11.75229835500005],[8.772204399000088,11.759499550000157],[8.777089118000049,11.764628410000171],[8.781402588000105,11.770904541000107],[8.786066056000095,11.775800706000155],[8.789640426000119,11.779990197000132],[8.794657706000066,11.787658691000104],[8.796887398000024,11.792922020000105],[8.798489571000175,11.796703337999986],[8.802751541000021,11.809909821000133],[8.805250168000043,11.825407983000105],[8.808241845000055,11.834444999000027],[8.812844276000078,11.838183404000176],[8.819318772000031,11.841709137000123],[8.824807167000017,11.846379280000065],[8.832869529000106,11.860080720000042],[8.833146095000075,11.869322778000026],[8.83114528599998,11.879007340000044],[8.831484794,11.883532524000145]]]]}}
]
}
